image,dex_id,pokemon_name,total,hp,attack,defense,sp_atk,sp_def,speed
https://img.pokemondb.net/sprites/sword-shield/icon/bulbasaur.png,1,Bulbasaur,318,45,49,49,65,65,45
https://img.pokemondb.net/sprites/sword-shield/icon/ivysaur.png,2,Ivysaur,405,60,62,63,80,80,60
https://img.pokemondb.net/sprites/sword-shield/icon/venusaur.png,3,Venusaur,525,80,82,83,100,100,80
https://img.pokemondb.net/sprites/sword-shield/icon/charmander.png,4,Charmander,309,39,52,43,60,50,65
https://img.pokemondb.net/sprites/sword-shield/icon/charmeleon.png,5,Charmeleon,405,58,64,58,80,65,80
https://img.pokemondb.net/sprites/sword-shield/icon/charizard.png,6,Charizard,534,78,84,78,109,85,100
https://img.pokemondb.net/sprites/sword-shield/icon/squirtle.png,7,Squirtle,314,44,48,65,50,64,43
https://img.pokemondb.net/sprites/sword-shield/icon/wartortle.png,8,Wartortle,405,59,63,80,65,80,58
https://img.pokemondb.net/sprites/sword-shield/icon/blastoise.png,9,Blastoise,530,79,83,100,85,105,78
https://img.pokemondb.net/sprites/sword-shield/icon/caterpie.png,10,Caterpie,195,45,30,35,20,20,45
https://img.pokemondb.net/sprites/sword-shield/icon/metapod.png,11,Metapod,205,50,20,55,25,25,30
https://img.pokemondb.net/sprites/sword-shield/icon/butterfree.png,12,Butterfree,395,60,45,50,90,80,70
https://img.pokemondb.net/sprites/sword-shield/icon/weedle.png,13,Weedle,195,40,35,30,20,20,50
https://img.pokemondb.net/sprites/sword-shield/icon/kakuna.png,14,Kakuna,205,45,25,50,25,25,35
https://img.pokemondb.net/sprites/sword-shield/icon/beedrill.png,15,Beedrill,395,65,90,40,45,80,75
https://img.pokemondb.net/sprites/sword-shield/icon/pidgey.png,16,Pidgey,251,40,45,40,35,35,56
https://img.pokemondb.net/sprites/sword-shield/icon/pidgeotto.png,17,Pidgeotto,349,63,60,55,50,50,71
https://img.pokemondb.net/sprites/sword-shield/icon/pidgeot.png,18,Pidgeot,479,83,80,75,70,70,101
https://img.pokemondb.net/sprites/sword-shield/icon/rattata.png,19,Rattata,253,30,56,35,25,35,72
https://img.pokemondb.net/sprites/sword-shield/icon/raticate.png,20,Raticate,413,55,81,60,50,70,97
https://img.pokemondb.net/sprites/sword-shield/icon/spearow.png,21,Spearow,262,40,60,30,31,31,70
https://img.pokemondb.net/sprites/sword-shield/icon/fearow.png,22,Fearow,442,65,90,65,61,61,100
https://img.pokemondb.net/sprites/sword-shield/icon/ekans.png,23,Ekans,288,35,60,44,40,54,55
https://img.pokemondb.net/sprites/sword-shield/icon/arbok.png,24,Arbok,448,60,95,69,65,79,80
https://img.pokemondb.net/sprites/sword-shield/icon/pikachu.png,25,Pikachu,320,35,55,40,50,50,90
https://img.pokemondb.net/sprites/sword-shield/icon/raichu.png,26,Raichu,485,60,90,55,90,80,110
https://img.pokemondb.net/sprites/sword-shield/icon/sandshrew.png,27,Sandshrew,300,50,75,85,20,30,40
https://img.pokemondb.net/sprites/sword-shield/icon/sandslash.png,28,Sandslash,450,75,100,110,45,55,65
https://img.pokemondb.net/sprites/sword-shield/icon/nidoran-f.png,29,Nidoran♀,275,55,47,52,40,40,41
https://img.pokemondb.net/sprites/sword-shield/icon/nidorina.png,30,Nidorina,365,70,62,67,55,55,56
https://img.pokemondb.net/sprites/sword-shield/icon/nidoqueen.png,31,Nidoqueen,505,90,92,87,75,85,76
https://img.pokemondb.net/sprites/sword-shield/icon/nidoran-m.png,32,Nidoran♂,273,46,57,40,40,40,50
https://img.pokemondb.net/sprites/sword-shield/icon/nidorino.png,33,Nidorino,365,61,72,57,55,55,65
https://img.pokemondb.net/sprites/sword-shield/icon/nidoking.png,34,Nidoking,505,81,102,77,85,75,85
https://img.pokemondb.net/sprites/sword-shield/icon/clefairy.png,35,Clefairy,323,70,45,48,60,65,35
https://img.pokemondb.net/sprites/sword-shield/icon/clefable.png,36,Clefable,483,95,70,73,95,90,60
https://img.pokemondb.net/sprites/sword-shield/icon/vulpix.png,37,Vulpix,299,38,41,40,50,65,65
https://img.pokemondb.net/sprites/sword-shield/icon/ninetales.png,38,Ninetales,505,73,76,75,81,100,100
https://img.pokemondb.net/sprites/sword-shield/icon/jigglypuff.png,39,Jigglypuff,270,115,45,20,45,25,20
https://img.pokemondb.net/sprites/sword-shield/icon/wigglytuff.png,40,Wigglytuff,435,140,70,45,85,50,45
https://img.pokemondb.net/sprites/sword-shield/icon/zubat.png,41,Zubat,245,40,45,35,30,40,55
https://img.pokemondb.net/sprites/sword-shield/icon/golbat.png,42,Golbat,455,75,80,70,65,75,90
https://img.pokemondb.net/sprites/sword-shield/icon/oddish.png,43,Oddish,320,45,50,55,75,65,30
https://img.pokemondb.net/sprites/sword-shield/icon/gloom.png,44,Gloom,395,60,65,70,85,75,40
https://img.pokemondb.net/sprites/sword-shield/icon/vileplume.png,45,Vileplume,490,75,80,85,110,90,50
https://img.pokemondb.net/sprites/sword-shield/icon/paras.png,46,Paras,285,35,70,55,45,55,25
https://img.pokemondb.net/sprites/sword-shield/icon/parasect.png,47,Parasect,405,60,95,80,60,80,30
https://img.pokemondb.net/sprites/sword-shield/icon/venonat.png,48,Venonat,305,60,55,50,40,55,45
https://img.pokemondb.net/sprites/sword-shield/icon/venomoth.png,49,Venomoth,450,70,65,60,90,75,90
https://img.pokemondb.net/sprites/sword-shield/icon/diglett.png,50,Diglett,265,10,55,25,35,45,95
https://img.pokemondb.net/sprites/sword-shield/icon/dugtrio.png,51,Dugtrio,425,35,100,50,50,70,120
https://img.pokemondb.net/sprites/sword-shield/icon/meowth.png,52,Meowth,290,40,45,35,40,40,90
https://img.pokemondb.net/sprites/sword-shield/icon/persian.png,53,Persian,440,65,70,60,65,65,115
https://img.pokemondb.net/sprites/sword-shield/icon/psyduck.png,54,Psyduck,320,50,52,48,65,50,55
https://img.pokemondb.net/sprites/sword-shield/icon/golduck.png,55,Golduck,500,80,82,78,95,80,85
https://img.pokemondb.net/sprites/sword-shield/icon/mankey.png,56,Mankey,305,40,80,35,35,45,70
https://img.pokemondb.net/sprites/sword-shield/icon/primeape.png,57,Primeape,455,65,105,60,60,70,95
https://img.pokemondb.net/sprites/sword-shield/icon/growlithe.png,58,Growlithe,350,55,70,45,70,50,60
https://img.pokemondb.net/sprites/sword-shield/icon/arcanine.png,59,Arcanine,555,90,110,80,100,80,95
https://img.pokemondb.net/sprites/sword-shield/icon/poliwag.png,60,Poliwag,300,40,50,40,40,40,90
https://img.pokemondb.net/sprites/sword-shield/icon/poliwhirl.png,61,Poliwhirl,385,65,65,65,50,50,90
https://img.pokemondb.net/sprites/sword-shield/icon/poliwrath.png,62,Poliwrath,510,90,95,95,70,90,70
https://img.pokemondb.net/sprites/sword-shield/icon/abra.png,63,Abra,310,25,20,15,105,55,90
https://img.pokemondb.net/sprites/sword-shield/icon/kadabra.png,64,Kadabra,400,40,35,30,120,70,105
https://img.pokemondb.net/sprites/sword-shield/icon/alakazam.png,65,Alakazam,500,55,50,45,135,95,120
https://img.pokemondb.net/sprites/sword-shield/icon/machop.png,66,Machop,305,70,80,50,35,35,35
https://img.pokemondb.net/sprites/sword-shield/icon/machoke.png,67,Machoke,405,80,100,70,50,60,45
https://img.pokemondb.net/sprites/sword-shield/icon/machamp.png,68,Machamp,505,90,130,80,65,85,55
https://img.pokemondb.net/sprites/sword-shield/icon/bellsprout.png,69,Bellsprout,300,50,75,35,70,30,40
https://img.pokemondb.net/sprites/sword-shield/icon/weepinbell.png,70,Weepinbell,390,65,90,50,85,45,55
https://img.pokemondb.net/sprites/sword-shield/icon/victreebel.png,71,Victreebel,490,80,105,65,100,70,70
https://img.pokemondb.net/sprites/sword-shield/icon/tentacool.png,72,Tentacool,335,40,40,35,50,100,70
https://img.pokemondb.net/sprites/sword-shield/icon/tentacruel.png,73,Tentacruel,515,80,70,65,80,120,100
https://img.pokemondb.net/sprites/sword-shield/icon/geodude.png,74,Geodude,300,40,80,100,30,30,20
https://img.pokemondb.net/sprites/sword-shield/icon/graveler.png,75,Graveler,390,55,95,115,45,45,35
https://img.pokemondb.net/sprites/sword-shield/icon/golem.png,76,Golem,495,80,120,130,55,65,45
https://img.pokemondb.net/sprites/sword-shield/icon/ponyta.png,77,Ponyta,410,50,85,55,65,65,90
https://img.pokemondb.net/sprites/sword-shield/icon/rapidash.png,78,Rapidash,500,65,100,70,80,80,105
https://img.pokemondb.net/sprites/sword-shield/icon/slowpoke.png,79,Slowpoke,315,90,65,65,40,40,15
https://img.pokemondb.net/sprites/sword-shield/icon/slowbro.png,80,Slowbro,490,95,75,110,100,80,30
https://img.pokemondb.net/sprites/sword-shield/icon/magnemite.png,81,Magnemite,325,25,35,70,95,55,45
https://img.pokemondb.net/sprites/sword-shield/icon/magneton.png,82,Magneton,465,50,60,95,120,70,70
https://img.pokemondb.net/sprites/sword-shield/icon/farfetchd.png,83,Farfetch'd,377,52,90,55,58,62,60
https://img.pokemondb.net/sprites/sword-shield/icon/doduo.png,84,Doduo,310,35,85,45,35,35,75
https://img.pokemondb.net/sprites/sword-shield/icon/dodrio.png,85,Dodrio,470,60,110,70,60,60,110
https://img.pokemondb.net/sprites/sword-shield/icon/seel.png,86,Seel,325,65,45,55,45,70,45
https://img.pokemondb.net/sprites/sword-shield/icon/dewgong.png,87,Dewgong,475,90,70,80,70,95,70
https://img.pokemondb.net/sprites/sword-shield/icon/grimer.png,88,Grimer,325,80,80,50,40,50,25
https://img.pokemondb.net/sprites/sword-shield/icon/muk.png,89,Muk,500,105,105,75,65,100,50
https://img.pokemondb.net/sprites/sword-shield/icon/shellder.png,90,Shellder,305,30,65,100,45,25,40
https://img.pokemondb.net/sprites/sword-shield/icon/cloyster.png,91,Cloyster,525,50,95,180,85,45,70
https://img.pokemondb.net/sprites/sword-shield/icon/gastly.png,92,Gastly,310,30,35,30,100,35,80
https://img.pokemondb.net/sprites/sword-shield/icon/haunter.png,93,Haunter,405,45,50,45,115,55,95
https://img.pokemondb.net/sprites/sword-shield/icon/gengar.png,94,Gengar,500,60,65,60,130,75,110
https://img.pokemondb.net/sprites/sword-shield/icon/onix.png,95,Onix,385,35,45,160,30,45,70
https://img.pokemondb.net/sprites/sword-shield/icon/drowzee.png,96,Drowzee,328,60,48,45,43,90,42
https://img.pokemondb.net/sprites/sword-shield/icon/hypno.png,97,Hypno,483,85,73,70,73,115,67
https://img.pokemondb.net/sprites/sword-shield/icon/krabby.png,98,Krabby,325,30,105,90,25,25,50
https://img.pokemondb.net/sprites/sword-shield/icon/kingler.png,99,Kingler,475,55,130,115,50,50,75
https://img.pokemondb.net/sprites/sword-shield/icon/voltorb.png,100,Voltorb,330,40,30,50,55,55,100
https://img.pokemondb.net/sprites/sword-shield/icon/electrode.png,101,Electrode,490,60,50,70,80,80,150
https://img.pokemondb.net/sprites/sword-shield/icon/exeggcute.png,102,Exeggcute,325,60,40,80,60,45,40
https://img.pokemondb.net/sprites/sword-shield/icon/exeggutor.png,103,Exeggutor,530,95,95,85,125,75,55
https://img.pokemondb.net/sprites/sword-shield/icon/cubone.png,104,Cubone,320,50,50,95,40,50,35
https://img.pokemondb.net/sprites/sword-shield/icon/marowak.png,105,Marowak,425,60,80,110,50,80,45
https://img.pokemondb.net/sprites/sword-shield/icon/hitmonlee.png,106,Hitmonlee,455,50,120,53,35,110,87
https://img.pokemondb.net/sprites/sword-shield/icon/hitmonchan.png,107,Hitmonchan,455,50,105,79,35,110,76
https://img.pokemondb.net/sprites/sword-shield/icon/lickitung.png,108,Lickitung,385,90,55,75,60,75,30
https://img.pokemondb.net/sprites/sword-shield/icon/koffing.png,109,Koffing,340,40,65,95,60,45,35
https://img.pokemondb.net/sprites/sword-shield/icon/weezing.png,110,Weezing,490,65,90,120,85,70,60
https://img.pokemondb.net/sprites/sword-shield/icon/rhyhorn.png,111,Rhyhorn,345,80,85,95,30,30,25
https://img.pokemondb.net/sprites/sword-shield/icon/rhydon.png,112,Rhydon,485,105,130,120,45,45,40
https://img.pokemondb.net/sprites/sword-shield/icon/chansey.png,113,Chansey,450,250,5,5,35,105,50
https://img.pokemondb.net/sprites/sword-shield/icon/tangela.png,114,Tangela,435,65,55,115,100,40,60
https://img.pokemondb.net/sprites/sword-shield/icon/kangaskhan.png,115,Kangaskhan,490,105,95,80,40,80,90
https://img.pokemondb.net/sprites/sword-shield/icon/horsea.png,116,Horsea,295,30,40,70,70,25,60
https://img.pokemondb.net/sprites/sword-shield/icon/seadra.png,117,Seadra,440,55,65,95,95,45,85
https://img.pokemondb.net/sprites/sword-shield/icon/goldeen.png,118,Goldeen,320,45,67,60,35,50,63
https://img.pokemondb.net/sprites/sword-shield/icon/seaking.png,119,Seaking,450,80,92,65,65,80,68
https://img.pokemondb.net/sprites/sword-shield/icon/staryu.png,120,Staryu,340,30,45,55,70,55,85
https://img.pokemondb.net/sprites/sword-shield/icon/starmie.png,121,Starmie,520,60,75,85,100,85,115
https://img.pokemondb.net/sprites/sword-shield/icon/mr-mime.png,122,Mr. Mime,460,40,45,65,100,120,90
https://img.pokemondb.net/sprites/sword-shield/icon/scyther.png,123,Scyther,500,70,110,80,55,80,105
https://img.pokemondb.net/sprites/sword-shield/icon/jynx.png,124,Jynx,455,65,50,35,115,95,95
https://img.pokemondb.net/sprites/sword-shield/icon/electabuzz.png,125,Electabuzz,490,65,83,57,95,85,105
https://img.pokemondb.net/sprites/sword-shield/icon/magmar.png,126,Magmar,495,65,95,57,100,85,93
https://img.pokemondb.net/sprites/sword-shield/icon/pinsir.png,127,Pinsir,500,65,125,100,55,70,85
https://img.pokemondb.net/sprites/sword-shield/icon/tauros.png,128,Tauros,490,75,100,95,40,70,110
https://img.pokemondb.net/sprites/sword-shield/icon/magikarp.png,129,Magikarp,200,20,10,55,15,20,80
https://img.pokemondb.net/sprites/sword-shield/icon/gyarados.png,130,Gyarados,540,95,125,79,60,100,81
https://img.pokemondb.net/sprites/sword-shield/icon/lapras.png,131,Lapras,535,130,85,80,85,95,60
https://img.pokemondb.net/sprites/sword-shield/icon/ditto.png,132,Ditto,288,48,48,48,48,48,48
https://img.pokemondb.net/sprites/sword-shield/icon/eevee.png,133,Eevee,325,55,55,50,45,65,55
https://img.pokemondb.net/sprites/sword-shield/icon/vaporeon.png,134,Vaporeon,525,130,65,60,110,95,65
https://img.pokemondb.net/sprites/sword-shield/icon/jolteon.png,135,Jolteon,525,65,65,60,110,95,130
https://img.pokemondb.net/sprites/sword-shield/icon/flareon.png,136,Flareon,525,65,130,60,95,110,65
https://img.pokemondb.net/sprites/sword-shield/icon/porygon.png,137,Porygon,395,65,60,70,85,75,40
https://img.pokemondb.net/sprites/sword-shield/icon/omanyte.png,138,Omanyte,355,35,40,100,90,55,35
https://img.pokemondb.net/sprites/sword-shield/icon/omastar.png,139,Omastar,495,70,60,125,115,70,55
https://img.pokemondb.net/sprites/sword-shield/icon/kabuto.png,140,Kabuto,355,30,80,90,55,45,55
https://img.pokemondb.net/sprites/sword-shield/icon/kabutops.png,141,Kabutops,495,60,115,105,65,70,80
https://img.pokemondb.net/sprites/sword-shield/icon/aerodactyl.png,142,Aerodactyl,515,80,105,65,60,75,130
https://img.pokemondb.net/sprites/sword-shield/icon/snorlax.png,143,Snorlax,540,160,110,65,65,110,30
https://img.pokemondb.net/sprites/sword-shield/icon/articuno.png,144,Articuno,580,90,85,100,95,125,85
https://img.pokemondb.net/sprites/sword-shield/icon/zapdos.png,145,Zapdos,580,90,90,85,125,90,100
https://img.pokemondb.net/sprites/sword-shield/icon/moltres.png,146,Moltres,580,90,100,90,125,85,90
https://img.pokemondb.net/sprites/sword-shield/icon/dratini.png,147,Dratini,300,41,64,45,50,50,50
https://img.pokemondb.net/sprites/sword-shield/icon/dragonair.png,148,Dragonair,420,61,84,65,70,70,70
https://img.pokemondb.net/sprites/sword-shield/icon/dragonite.png,149,Dragonite,600,91,134,95,100,100,80
https://img.pokemondb.net/sprites/sword-shield/icon/mewtwo.png,150,Mewtwo,680,106,110,90,154,90,130
https://img.pokemondb.net/sprites/sword-shield/icon/mew.png,151,Mew,600,100,100,100,100,100,100
https://img.pokemondb.net/sprites/sword-shield/icon/chikorita.png,152,Chikorita,318,45,49,65,49,65,45
https://img.pokemondb.net/sprites/sword-shield/icon/bayleef.png,153,Bayleef,405,60,62,80,63,80,60
https://img.pokemondb.net/sprites/sword-shield/icon/meganium.png,154,Meganium,525,80,82,100,83,100,80
https://img.pokemondb.net/sprites/sword-shield/icon/cyndaquil.png,155,Cyndaquil,309,39,52,43,60,50,65
https://img.pokemondb.net/sprites/sword-shield/icon/quilava.png,156,Quilava,405,58,64,58,80,65,80
https://img.pokemondb.net/sprites/sword-shield/icon/typhlosion.png,157,Typhlosion,534,78,84,78,109,85,100
https://img.pokemondb.net/sprites/sword-shield/icon/totodile.png,158,Totodile,314,50,65,64,44,48,43
https://img.pokemondb.net/sprites/sword-shield/icon/croconaw.png,159,Croconaw,405,65,80,80,59,63,58
https://img.pokemondb.net/sprites/sword-shield/icon/feraligatr.png,160,Feraligatr,530,85,105,100,79,83,78
https://img.pokemondb.net/sprites/sword-shield/icon/sentret.png,161,Sentret,215,35,46,34,35,45,20
https://img.pokemondb.net/sprites/sword-shield/icon/furret.png,162,Furret,415,85,76,64,45,55,90
https://img.pokemondb.net/sprites/sword-shield/icon/hoothoot.png,163,Hoothoot,262,60,30,30,36,56,50
https://img.pokemondb.net/sprites/sword-shield/icon/noctowl.png,164,Noctowl,452,100,50,50,86,96,70
https://img.pokemondb.net/sprites/sword-shield/icon/ledyba.png,165,Ledyba,265,40,20,30,40,80,55
https://img.pokemondb.net/sprites/sword-shield/icon/ledian.png,166,Ledian,390,55,35,50,55,110,85
https://img.pokemondb.net/sprites/sword-shield/icon/spinarak.png,167,Spinarak,250,40,60,40,40,40,30
https://img.pokemondb.net/sprites/sword-shield/icon/ariados.png,168,Ariados,400,70,90,70,60,70,40
https://img.pokemondb.net/sprites/sword-shield/icon/crobat.png,169,Crobat,535,85,90,80,70,80,130
https://img.pokemondb.net/sprites/sword-shield/icon/chinchou.png,170,Chinchou,330,75,38,38,56,56,67
https://img.pokemondb.net/sprites/sword-shield/icon/lanturn.png,171,Lanturn,460,125,58,58,76,76,67
https://img.pokemondb.net/sprites/sword-shield/icon/pichu.png,172,Pichu,205,20,40,15,35,35,60
https://img.pokemondb.net/sprites/sword-shield/icon/cleffa.png,173,Cleffa,218,50,25,28,45,55,15
https://img.pokemondb.net/sprites/sword-shield/icon/igglybuff.png,174,Igglybuff,210,90,30,15,40,20,15
https://img.pokemondb.net/sprites/sword-shield/icon/togepi.png,175,Togepi,245,35,20,65,40,65,20
https://img.pokemondb.net/sprites/sword-shield/icon/togetic.png,176,Togetic,405,55,40,85,80,105,40
https://img.pokemondb.net/sprites/sword-shield/icon/natu.png,177,Natu,320,40,50,45,70,45,70
https://img.pokemondb.net/sprites/sword-shield/icon/xatu.png,178,Xatu,470,65,75,70,95,70,95
https://img.pokemondb.net/sprites/sword-shield/icon/mareep.png,179,Mareep,280,55,40,40,65,45,35
https://img.pokemondb.net/sprites/sword-shield/icon/flaaffy.png,180,Flaaffy,365,70,55,55,80,60,45
https://img.pokemondb.net/sprites/sword-shield/icon/ampharos.png,181,Ampharos,510,90,75,85,115,90,55
https://img.pokemondb.net/sprites/sword-shield/icon/bellossom.png,182,Bellossom,490,75,80,95,90,100,50
https://img.pokemondb.net/sprites/sword-shield/icon/marill.png,183,Marill,250,70,20,50,20,50,40
https://img.pokemondb.net/sprites/sword-shield/icon/azumarill.png,184,Azumarill,420,100,50,80,60,80,50
https://img.pokemondb.net/sprites/sword-shield/icon/sudowoodo.png,185,Sudowoodo,410,70,100,115,30,65,30
https://img.pokemondb.net/sprites/sword-shield/icon/politoed.png,186,Politoed,500,90,75,75,90,100,70
https://img.pokemondb.net/sprites/sword-shield/icon/hoppip.png,187,Hoppip,250,35,35,40,35,55,50
https://img.pokemondb.net/sprites/sword-shield/icon/skiploom.png,188,Skiploom,340,55,45,50,45,65,80
https://img.pokemondb.net/sprites/sword-shield/icon/jumpluff.png,189,Jumpluff,460,75,55,70,55,95,110
https://img.pokemondb.net/sprites/sword-shield/icon/aipom.png,190,Aipom,360,55,70,55,40,55,85
https://img.pokemondb.net/sprites/sword-shield/icon/sunkern.png,191,Sunkern,180,30,30,30,30,30,30
https://img.pokemondb.net/sprites/sword-shield/icon/sunflora.png,192,Sunflora,425,75,75,55,105,85,30
https://img.pokemondb.net/sprites/sword-shield/icon/yanma.png,193,Yanma,390,65,65,45,75,45,95
https://img.pokemondb.net/sprites/sword-shield/icon/wooper.png,194,Wooper,210,55,45,45,25,25,15
https://img.pokemondb.net/sprites/sword-shield/icon/quagsire.png,195,Quagsire,430,95,85,85,65,65,35
https://img.pokemondb.net/sprites/sword-shield/icon/espeon.png,196,Espeon,525,65,65,60,130,95,110
https://img.pokemondb.net/sprites/sword-shield/icon/umbreon.png,197,Umbreon,525,95,65,110,60,130,65
https://img.pokemondb.net/sprites/sword-shield/icon/murkrow.png,198,Murkrow,405,60,85,42,85,42,91
https://img.pokemondb.net/sprites/sword-shield/icon/slowking.png,199,Slowking,490,95,75,80,100,110,30
https://img.pokemondb.net/sprites/sword-shield/icon/misdreavus.png,200,Misdreavus,435,60,60,60,85,85,85
https://img.pokemondb.net/sprites/sword-shield/icon/unown.png,201,Unown,336,48,72,48,72,48,48
https://img.pokemondb.net/sprites/sword-shield/icon/wobbuffet.png,202,Wobbuffet,405,190,33,58,33,58,33
https://img.pokemondb.net/sprites/sword-shield/icon/girafarig.png,203,Girafarig,455,70,80,65,90,65,85
https://img.pokemondb.net/sprites/sword-shield/icon/pineco.png,204,Pineco,290,50,65,90,35,35,15
https://img.pokemondb.net/sprites/sword-shield/icon/forretress.png,205,Forretress,465,75,90,140,60,60,40
https://img.pokemondb.net/sprites/sword-shield/icon/dunsparce.png,206,Dunsparce,415,100,70,70,65,65,45
https://img.pokemondb.net/sprites/sword-shield/icon/gligar.png,207,Gligar,430,65,75,105,35,65,85
https://img.pokemondb.net/sprites/sword-shield/icon/steelix.png,208,Steelix,510,75,85,200,55,65,30
https://img.pokemondb.net/sprites/sword-shield/icon/snubbull.png,209,Snubbull,300,60,80,50,40,40,30
https://img.pokemondb.net/sprites/sword-shield/icon/granbull.png,210,Granbull,450,90,120,75,60,60,45
https://img.pokemondb.net/sprites/sword-shield/icon/qwilfish.png,211,Qwilfish,440,65,95,85,55,55,85
https://img.pokemondb.net/sprites/sword-shield/icon/scizor.png,212,Scizor,500,70,130,100,55,80,65
https://img.pokemondb.net/sprites/sword-shield/icon/shuckle.png,213,Shuckle,505,20,10,230,10,230,5
https://img.pokemondb.net/sprites/sword-shield/icon/heracross.png,214,Heracross,500,80,125,75,40,95,85
https://img.pokemondb.net/sprites/sword-shield/icon/sneasel.png,215,Sneasel,430,55,95,55,35,75,115
https://img.pokemondb.net/sprites/sword-shield/icon/teddiursa.png,216,Teddiursa,330,60,80,50,50,50,40
https://img.pokemondb.net/sprites/sword-shield/icon/ursaring.png,217,Ursaring,500,90,130,75,75,75,55
https://img.pokemondb.net/sprites/sword-shield/icon/slugma.png,218,Slugma,250,40,40,40,70,40,20
https://img.pokemondb.net/sprites/sword-shield/icon/magcargo.png,219,Magcargo,430,60,50,120,90,80,30
https://img.pokemondb.net/sprites/sword-shield/icon/swinub.png,220,Swinub,250,50,50,40,30,30,50
https://img.pokemondb.net/sprites/sword-shield/icon/piloswine.png,221,Piloswine,450,100,100,80,60,60,50
https://img.pokemondb.net/sprites/sword-shield/icon/corsola.png,222,Corsola,410,65,55,95,65,95,35
https://img.pokemondb.net/sprites/sword-shield/icon/remoraid.png,223,Remoraid,300,35,65,35,65,35,65
https://img.pokemondb.net/sprites/sword-shield/icon/octillery.png,224,Octillery,480,75,105,75,105,75,45
https://img.pokemondb.net/sprites/sword-shield/icon/delibird.png,225,Delibird,330,45,55,45,65,45,75
https://img.pokemondb.net/sprites/sword-shield/icon/mantine.png,226,Mantine,485,85,40,70,80,140,70
https://img.pokemondb.net/sprites/sword-shield/icon/skarmory.png,227,Skarmory,465,65,80,140,40,70,70
https://img.pokemondb.net/sprites/sword-shield/icon/houndour.png,228,Houndour,330,45,60,30,80,50,65
https://img.pokemondb.net/sprites/sword-shield/icon/houndoom.png,229,Houndoom,500,75,90,50,110,80,95
https://img.pokemondb.net/sprites/sword-shield/icon/kingdra.png,230,Kingdra,540,75,95,95,95,95,85
https://img.pokemondb.net/sprites/sword-shield/icon/phanpy.png,231,Phanpy,330,90,60,60,40,40,40
https://img.pokemondb.net/sprites/sword-shield/icon/donphan.png,232,Donphan,500,90,120,120,60,60,50
https://img.pokemondb.net/sprites/sword-shield/icon/porygon2.png,233,Porygon2,515,85,80,90,105,95,60
https://img.pokemondb.net/sprites/sword-shield/icon/stantler.png,234,Stantler,465,73,95,62,85,65,85
https://img.pokemondb.net/sprites/sword-shield/icon/smeargle.png,235,Smeargle,250,55,20,35,20,45,75
https://img.pokemondb.net/sprites/sword-shield/icon/tyrogue.png,236,Tyrogue,210,35,35,35,35,35,35
https://img.pokemondb.net/sprites/sword-shield/icon/hitmontop.png,237,Hitmontop,455,50,95,95,35,110,70
https://img.pokemondb.net/sprites/sword-shield/icon/smoochum.png,238,Smoochum,305,45,30,15,85,65,65
https://img.pokemondb.net/sprites/sword-shield/icon/elekid.png,239,Elekid,360,45,63,37,65,55,95
https://img.pokemondb.net/sprites/sword-shield/icon/magby.png,240,Magby,365,45,75,37,70,55,83
https://img.pokemondb.net/sprites/sword-shield/icon/miltank.png,241,Miltank,490,95,80,105,40,70,100
https://img.pokemondb.net/sprites/sword-shield/icon/blissey.png,242,Blissey,540,255,10,10,75,135,55
https://img.pokemondb.net/sprites/sword-shield/icon/raikou.png,243,Raikou,580,90,85,75,115,100,115
https://img.pokemondb.net/sprites/sword-shield/icon/entei.png,244,Entei,580,115,115,85,90,75,100
https://img.pokemondb.net/sprites/sword-shield/icon/suicune.png,245,Suicune,580,100,75,115,90,115,85
https://img.pokemondb.net/sprites/sword-shield/icon/larvitar.png,246,Larvitar,300,50,64,50,45,50,41
https://img.pokemondb.net/sprites/sword-shield/icon/pupitar.png,247,Pupitar,410,70,84,70,65,70,51
https://img.pokemondb.net/sprites/sword-shield/icon/tyranitar.png,248,Tyranitar,600,100,134,110,95,100,61
https://img.pokemondb.net/sprites/sword-shield/icon/lugia.png,249,Lugia,680,106,90,130,90,154,110
https://img.pokemondb.net/sprites/sword-shield/icon/ho-oh.png,250,Ho-oh,680,106,130,90,110,154,90
https://img.pokemondb.net/sprites/sword-shield/icon/celebi.png,251,Celebi,600,100,100,100,100,100,100
https://img.pokemondb.net/sprites/sword-shield/icon/treecko.png,252,Treecko,310,40,45,35,65,55,70
https://img.pokemondb.net/sprites/sword-shield/icon/grovyle.png,253,Grovyle,405,50,65,45,85,65,95
https://img.pokemondb.net/sprites/sword-shield/icon/sceptile.png,254,Sceptile,530,70,85,65,105,85,120
https://img.pokemondb.net/sprites/sword-shield/icon/torchic.png,255,Torchic,310,45,60,40,70,50,45
https://img.pokemondb.net/sprites/sword-shield/icon/combusken.png,256,Combusken,405,60,85,60,85,60,55
https://img.pokemondb.net/sprites/sword-shield/icon/blaziken.png,257,Blaziken,530,80,120,70,110,70,80
https://img.pokemondb.net/sprites/sword-shield/icon/mudkip.png,258,Mudkip,310,50,70,50,50,50,40
https://img.pokemondb.net/sprites/sword-shield/icon/marshtomp.png,259,Marshtomp,405,70,85,70,60,70,50
https://img.pokemondb.net/sprites/sword-shield/icon/swampert.png,260,Swampert,535,100,110,90,85,90,60
https://img.pokemondb.net/sprites/sword-shield/icon/poochyena.png,261,Poochyena,220,35,55,35,30,30,35
https://img.pokemondb.net/sprites/sword-shield/icon/mightyena.png,262,Mightyena,420,70,90,70,60,60,70
https://img.pokemondb.net/sprites/sword-shield/icon/zigzagoon.png,263,Zigzagoon,240,38,30,41,30,41,60
https://img.pokemondb.net/sprites/sword-shield/icon/linoone.png,264,Linoone,420,78,70,61,50,61,100
https://img.pokemondb.net/sprites/sword-shield/icon/wurmple.png,265,Wurmple,195,45,45,35,20,30,20
https://img.pokemondb.net/sprites/sword-shield/icon/silcoon.png,266,Silcoon,205,50,35,55,25,25,15
https://img.pokemondb.net/sprites/sword-shield/icon/beautifly.png,267,Beautifly,395,60,70,50,100,50,65
https://img.pokemondb.net/sprites/sword-shield/icon/cascoon.png,268,Cascoon,205,50,35,55,25,25,15
https://img.pokemondb.net/sprites/sword-shield/icon/dustox.png,269,Dustox,385,60,50,70,50,90,65
https://img.pokemondb.net/sprites/sword-shield/icon/lotad.png,270,Lotad,220,40,30,30,40,50,30
https://img.pokemondb.net/sprites/sword-shield/icon/lombre.png,271,Lombre,340,60,50,50,60,70,50
https://img.pokemondb.net/sprites/sword-shield/icon/ludicolo.png,272,Ludicolo,480,80,70,70,90,100,70
https://img.pokemondb.net/sprites/sword-shield/icon/seedot.png,273,Seedot,220,40,40,50,30,30,30
https://img.pokemondb.net/sprites/sword-shield/icon/nuzleaf.png,274,Nuzleaf,340,70,70,40,60,40,60
https://img.pokemondb.net/sprites/sword-shield/icon/shiftry.png,275,Shiftry,480,90,100,60,90,60,80
https://img.pokemondb.net/sprites/sword-shield/icon/taillow.png,276,Taillow,270,40,55,30,30,30,85
https://img.pokemondb.net/sprites/sword-shield/icon/swellow.png,277,Swellow,455,60,85,60,75,50,125
https://img.pokemondb.net/sprites/sword-shield/icon/wingull.png,278,Wingull,270,40,30,30,55,30,85
https://img.pokemondb.net/sprites/sword-shield/icon/pelipper.png,279,Pelipper,440,60,50,100,95,70,65
https://img.pokemondb.net/sprites/sword-shield/icon/ralts.png,280,Ralts,198,28,25,25,45,35,40
https://img.pokemondb.net/sprites/sword-shield/icon/kirlia.png,281,Kirlia,278,38,35,35,65,55,50
https://img.pokemondb.net/sprites/sword-shield/icon/gardevoir.png,282,Gardevoir,518,68,65,65,125,115,80
https://img.pokemondb.net/sprites/sword-shield/icon/surskit.png,283,Surskit,269,40,30,32,50,52,65
https://img.pokemondb.net/sprites/sword-shield/icon/masquerain.png,284,Masquerain,454,70,60,62,100,82,80
https://img.pokemondb.net/sprites/sword-shield/icon/shroomish.png,285,Shroomish,295,60,40,60,40,60,35
https://img.pokemondb.net/sprites/sword-shield/icon/breloom.png,286,Breloom,460,60,130,80,60,60,70
https://img.pokemondb.net/sprites/sword-shield/icon/slakoth.png,287,Slakoth,280,60,60,60,35,35,30
https://img.pokemondb.net/sprites/sword-shield/icon/vigoroth.png,288,Vigoroth,440,80,80,80,55,55,90
https://img.pokemondb.net/sprites/sword-shield/icon/slaking.png,289,Slaking,670,150,160,100,95,65,100
https://img.pokemondb.net/sprites/sword-shield/icon/nincada.png,290,Nincada,266,31,45,90,30,30,40
https://img.pokemondb.net/sprites/sword-shield/icon/ninjask.png,291,Ninjask,456,61,90,45,50,50,160
https://img.pokemondb.net/sprites/sword-shield/icon/shedinja.png,292,Shedinja,236,1,90,45,30,30,40
https://img.pokemondb.net/sprites/sword-shield/icon/whismur.png,293,Whismur,240,64,51,23,51,23,28
https://img.pokemondb.net/sprites/sword-shield/icon/loudred.png,294,Loudred,360,84,71,43,71,43,48
https://img.pokemondb.net/sprites/sword-shield/icon/exploud.png,295,Exploud,490,104,91,63,91,73,68
https://img.pokemondb.net/sprites/sword-shield/icon/makuhita.png,296,Makuhita,237,72,60,30,20,30,25
https://img.pokemondb.net/sprites/sword-shield/icon/hariyama.png,297,Hariyama,474,144,120,60,40,60,50
https://img.pokemondb.net/sprites/sword-shield/icon/azurill.png,298,Azurill,190,50,20,40,20,40,20
https://img.pokemondb.net/sprites/sword-shield/icon/nosepass.png,299,Nosepass,375,30,45,135,45,90,30
https://img.pokemondb.net/sprites/sword-shield/icon/skitty.png,300,Skitty,260,50,45,45,35,35,50
https://img.pokemondb.net/sprites/sword-shield/icon/delcatty.png,301,Delcatty,400,70,65,65,55,55,90
https://img.pokemondb.net/sprites/sword-shield/icon/sableye.png,302,Sableye,380,50,75,75,65,65,50
https://img.pokemondb.net/sprites/sword-shield/icon/mawile.png,303,Mawile,380,50,85,85,55,55,50
https://img.pokemondb.net/sprites/sword-shield/icon/aron.png,304,Aron,330,50,70,100,40,40,30
https://img.pokemondb.net/sprites/sword-shield/icon/lairon.png,305,Lairon,430,60,90,140,50,50,40
https://img.pokemondb.net/sprites/sword-shield/icon/aggron.png,306,Aggron,530,70,110,180,60,60,50
https://img.pokemondb.net/sprites/sword-shield/icon/meditite.png,307,Meditite,280,30,40,55,40,55,60
https://img.pokemondb.net/sprites/sword-shield/icon/medicham.png,308,Medicham,410,60,60,75,60,75,80
https://img.pokemondb.net/sprites/sword-shield/icon/electrike.png,309,Electrike,295,40,45,40,65,40,65
https://img.pokemondb.net/sprites/sword-shield/icon/manectric.png,310,Manectric,475,70,75,60,105,60,105
https://img.pokemondb.net/sprites/sword-shield/icon/plusle.png,311,Plusle,405,60,50,40,85,75,95
https://img.pokemondb.net/sprites/sword-shield/icon/minun.png,312,Minun,405,60,40,50,75,85,95
https://img.pokemondb.net/sprites/sword-shield/icon/volbeat.png,313,Volbeat,430,65,73,75,47,85,85
https://img.pokemondb.net/sprites/sword-shield/icon/illumise.png,314,Illumise,430,65,47,75,73,85,85
https://img.pokemondb.net/sprites/sword-shield/icon/roselia.png,315,Roselia,400,50,60,45,100,80,65
https://img.pokemondb.net/sprites/sword-shield/icon/gulpin.png,316,Gulpin,302,70,43,53,43,53,40
https://img.pokemondb.net/sprites/sword-shield/icon/swalot.png,317,Swalot,467,100,73,83,73,83,55
https://img.pokemondb.net/sprites/sword-shield/icon/carvanha.png,318,Carvanha,305,45,90,20,65,20,65
https://img.pokemondb.net/sprites/sword-shield/icon/sharpedo.png,319,Sharpedo,460,70,120,40,95,40,95
https://img.pokemondb.net/sprites/sword-shield/icon/wailmer.png,320,Wailmer,400,130,70,35,70,35,60
https://img.pokemondb.net/sprites/sword-shield/icon/wailord.png,321,Wailord,500,170,90,45,90,45,60
https://img.pokemondb.net/sprites/sword-shield/icon/numel.png,322,Numel,305,60,60,40,65,45,35
https://img.pokemondb.net/sprites/sword-shield/icon/camerupt.png,323,Camerupt,460,70,100,70,105,75,40
https://img.pokemondb.net/sprites/sword-shield/icon/torkoal.png,324,Torkoal,470,70,85,140,85,70,20
https://img.pokemondb.net/sprites/sword-shield/icon/spoink.png,325,Spoink,330,60,25,35,70,80,60
https://img.pokemondb.net/sprites/sword-shield/icon/grumpig.png,326,Grumpig,470,80,45,65,90,110,80
https://img.pokemondb.net/sprites/sword-shield/icon/spinda.png,327,Spinda,360,60,60,60,60,60,60
https://img.pokemondb.net/sprites/sword-shield/icon/trapinch.png,328,Trapinch,290,45,100,45,45,45,10
https://img.pokemondb.net/sprites/sword-shield/icon/vibrava.png,329,Vibrava,340,50,70,50,50,50,70
https://img.pokemondb.net/sprites/sword-shield/icon/flygon.png,330,Flygon,520,80,100,80,80,80,100
https://img.pokemondb.net/sprites/sword-shield/icon/cacnea.png,331,Cacnea,335,50,85,40,85,40,35
https://img.pokemondb.net/sprites/sword-shield/icon/cacturne.png,332,Cacturne,475,70,115,60,115,60,55
https://img.pokemondb.net/sprites/sword-shield/icon/swablu.png,333,Swablu,310,45,40,60,40,75,50
https://img.pokemondb.net/sprites/sword-shield/icon/altaria.png,334,Altaria,490,75,70,90,70,105,80
https://img.pokemondb.net/sprites/sword-shield/icon/zangoose.png,335,Zangoose,458,73,115,60,60,60,90
https://img.pokemondb.net/sprites/sword-shield/icon/seviper.png,336,Seviper,458,73,100,60,100,60,65
https://img.pokemondb.net/sprites/sword-shield/icon/lunatone.png,337,Lunatone,460,90,55,65,95,85,70
https://img.pokemondb.net/sprites/sword-shield/icon/solrock.png,338,Solrock,460,90,95,85,55,65,70
https://img.pokemondb.net/sprites/sword-shield/icon/barboach.png,339,Barboach,288,50,48,43,46,41,60
https://img.pokemondb.net/sprites/sword-shield/icon/whiscash.png,340,Whiscash,468,110,78,73,76,71,60
https://img.pokemondb.net/sprites/sword-shield/icon/corphish.png,341,Corphish,308,43,80,65,50,35,35
https://img.pokemondb.net/sprites/sword-shield/icon/crawdaunt.png,342,Crawdaunt,468,63,120,85,90,55,55
https://img.pokemondb.net/sprites/sword-shield/icon/baltoy.png,343,Baltoy,300,40,40,55,40,70,55
https://img.pokemondb.net/sprites/sword-shield/icon/claydol.png,344,Claydol,500,60,70,105,70,120,75
https://img.pokemondb.net/sprites/sword-shield/icon/lileep.png,345,Lileep,355,66,41,77,61,87,23
https://img.pokemondb.net/sprites/sword-shield/icon/cradily.png,346,Cradily,495,86,81,97,81,107,43
https://img.pokemondb.net/sprites/sword-shield/icon/anorith.png,347,Anorith,355,45,95,50,40,50,75
https://img.pokemondb.net/sprites/sword-shield/icon/armaldo.png,348,Armaldo,495,75,125,100,70,80,45
https://img.pokemondb.net/sprites/sword-shield/icon/feebas.png,349,Feebas,200,20,15,20,10,55,80
https://img.pokemondb.net/sprites/sword-shield/icon/milotic.png,350,Milotic,540,95,60,79,100,125,81
https://img.pokemondb.net/sprites/sword-shield/icon/castform.png,351,Castform,420,70,70,70,70,70,70
https://img.pokemondb.net/sprites/sword-shield/icon/kecleon.png,352,Kecleon,440,60,90,70,60,120,40
https://img.pokemondb.net/sprites/sword-shield/icon/shuppet.png,353,Shuppet,295,44,75,35,63,33,45
https://img.pokemondb.net/sprites/sword-shield/icon/banette.png,354,Banette,455,64,115,65,83,63,65
https://img.pokemondb.net/sprites/sword-shield/icon/duskull.png,355,Duskull,295,20,40,90,30,90,25
https://img.pokemondb.net/sprites/sword-shield/icon/dusclops.png,356,Dusclops,455,40,70,130,60,130,25
https://img.pokemondb.net/sprites/sword-shield/icon/tropius.png,357,Tropius,460,99,68,83,72,87,51
https://img.pokemondb.net/sprites/sword-shield/icon/chimecho.png,358,Chimecho,455,75,50,80,95,90,65
https://img.pokemondb.net/sprites/sword-shield/icon/absol.png,359,Absol,465,65,130,60,75,60,75
https://img.pokemondb.net/sprites/sword-shield/icon/wynaut.png,360,Wynaut,260,95,23,48,23,48,23
https://img.pokemondb.net/sprites/sword-shield/icon/snorunt.png,361,Snorunt,300,50,50,50,50,50,50
https://img.pokemondb.net/sprites/sword-shield/icon/glalie.png,362,Glalie,480,80,80,80,80,80,80
https://img.pokemondb.net/sprites/sword-shield/icon/spheal.png,363,Spheal,290,70,40,50,55,50,25
https://img.pokemondb.net/sprites/sword-shield/icon/sealeo.png,364,Sealeo,410,90,60,70,75,70,45
https://img.pokemondb.net/sprites/sword-shield/icon/walrein.png,365,Walrein,530,110,80,90,95,90,65
https://img.pokemondb.net/sprites/sword-shield/icon/clamperl.png,366,Clamperl,345,35,64,85,74,55,32
https://img.pokemondb.net/sprites/sword-shield/icon/huntail.png,367,Huntail,485,55,104,105,94,75,52
https://img.pokemondb.net/sprites/sword-shield/icon/gorebyss.png,368,Gorebyss,485,55,84,105,114,75,52
https://img.pokemondb.net/sprites/sword-shield/icon/relicanth.png,369,Relicanth,485,100,90,130,45,65,55
https://img.pokemondb.net/sprites/sword-shield/icon/luvdisc.png,370,Luvdisc,330,43,30,55,40,65,97
https://img.pokemondb.net/sprites/sword-shield/icon/bagon.png,371,Bagon,300,45,75,60,40,30,50
https://img.pokemondb.net/sprites/sword-shield/icon/shelgon.png,372,Shelgon,420,65,95,100,60,50,50
https://img.pokemondb.net/sprites/sword-shield/icon/salamence.png,373,Salamence,600,95,135,80,110,80,100
https://img.pokemondb.net/sprites/sword-shield/icon/beldum.png,374,Beldum,300,40,55,80,35,60,30
https://img.pokemondb.net/sprites/sword-shield/icon/metang.png,375,Metang,420,60,75,100,55,80,50
https://img.pokemondb.net/sprites/sword-shield/icon/metagross.png,376,Metagross,600,80,135,130,95,90,70
https://img.pokemondb.net/sprites/sword-shield/icon/regirock.png,377,Regirock,580,80,100,200,50,100,50
https://img.pokemondb.net/sprites/sword-shield/icon/regice.png,378,Regice,580,80,50,100,100,200,50
https://img.pokemondb.net/sprites/sword-shield/icon/registeel.png,379,Registeel,580,80,75,150,75,150,50
https://img.pokemondb.net/sprites/sword-shield/icon/latias.png,380,Latias,600,80,80,90,110,130,110
https://img.pokemondb.net/sprites/sword-shield/icon/latios.png,381,Latios,600,80,90,80,130,110,110
https://img.pokemondb.net/sprites/sword-shield/icon/kyogre.png,382,Kyogre,670,100,100,90,150,140,90
https://img.pokemondb.net/sprites/sword-shield/icon/groudon.png,383,Groudon,670,100,150,140,100,90,90
https://img.pokemondb.net/sprites/sword-shield/icon/rayquaza.png,384,Rayquaza,680,105,150,90,150,90,95
https://img.pokemondb.net/sprites/sword-shield/icon/jirachi.png,385,Jirachi,600,100,100,100,100,100,100
https://img.pokemondb.net/sprites/sword-shield/icon/deoxys-normal.png,386,DeoxysNormal Forme,600,50,150,50,150,50,150
https://img.pokemondb.net/sprites/sword-shield/icon/turtwig.png,387,Turtwig,318,55,68,64,45,55,31
https://img.pokemondb.net/sprites/sword-shield/icon/grotle.png,388,Grotle,405,75,89,85,55,65,36
https://img.pokemondb.net/sprites/sword-shield/icon/torterra.png,389,Torterra,525,95,109,105,75,85,56
https://img.pokemondb.net/sprites/sword-shield/icon/chimchar.png,390,Chimchar,309,44,58,44,58,44,61
https://img.pokemondb.net/sprites/sword-shield/icon/monferno.png,391,Monferno,405,64,78,52,78,52,81
https://img.pokemondb.net/sprites/sword-shield/icon/infernape.png,392,Infernape,534,76,104,71,104,71,108
https://img.pokemondb.net/sprites/sword-shield/icon/piplup.png,393,Piplup,314,53,51,53,61,56,40
https://img.pokemondb.net/sprites/sword-shield/icon/prinplup.png,394,Prinplup,405,64,66,68,81,76,50
https://img.pokemondb.net/sprites/sword-shield/icon/empoleon.png,395,Empoleon,530,84,86,88,111,101,60
https://img.pokemondb.net/sprites/sword-shield/icon/starly.png,396,Starly,245,40,55,30,30,30,60
https://img.pokemondb.net/sprites/sword-shield/icon/staravia.png,397,Staravia,340,55,75,50,40,40,80
https://img.pokemondb.net/sprites/sword-shield/icon/staraptor.png,398,Staraptor,485,85,120,70,50,60,100
https://img.pokemondb.net/sprites/sword-shield/icon/bidoof.png,399,Bidoof,250,59,45,40,35,40,31
https://img.pokemondb.net/sprites/sword-shield/icon/bibarel.png,400,Bibarel,410,79,85,60,55,60,71
https://img.pokemondb.net/sprites/sword-shield/icon/kricketot.png,401,Kricketot,194,37,25,41,25,41,25
https://img.pokemondb.net/sprites/sword-shield/icon/kricketune.png,402,Kricketune,384,77,85,51,55,51,65
https://img.pokemondb.net/sprites/sword-shield/icon/shinx.png,403,Shinx,263,45,65,34,40,34,45
https://img.pokemondb.net/sprites/sword-shield/icon/luxio.png,404,Luxio,363,60,85,49,60,49,60
https://img.pokemondb.net/sprites/sword-shield/icon/luxray.png,405,Luxray,523,80,120,79,95,79,70
https://img.pokemondb.net/sprites/sword-shield/icon/budew.png,406,Budew,280,40,30,35,50,70,55
https://img.pokemondb.net/sprites/sword-shield/icon/roserade.png,407,Roserade,515,60,70,65,125,105,90
https://img.pokemondb.net/sprites/sword-shield/icon/cranidos.png,408,Cranidos,350,67,125,40,30,30,58
https://img.pokemondb.net/sprites/sword-shield/icon/rampardos.png,409,Rampardos,495,97,165,60,65,50,58
https://img.pokemondb.net/sprites/sword-shield/icon/shieldon.png,410,Shieldon,350,30,42,118,42,88,30
https://img.pokemondb.net/sprites/sword-shield/icon/bastiodon.png,411,Bastiodon,495,60,52,168,47,138,30
https://img.pokemondb.net/sprites/sword-shield/icon/burmy-plant.png,412,BurmyPlant Cloak,224,40,29,45,29,45,36
https://img.pokemondb.net/sprites/sword-shield/icon/wormadam-plant.png,413,WormadamPlant Cloak,424,60,59,85,79,105,36
https://img.pokemondb.net/sprites/sword-shield/icon/mothim.png,414,Mothim,424,70,94,50,94,50,66
https://img.pokemondb.net/sprites/sword-shield/icon/combee.png,415,Combee,244,30,30,42,30,42,70
https://img.pokemondb.net/sprites/sword-shield/icon/vespiquen.png,416,Vespiquen,474,70,80,102,80,102,40
https://img.pokemondb.net/sprites/sword-shield/icon/pachirisu.png,417,Pachirisu,405,60,45,70,45,90,95
https://img.pokemondb.net/sprites/sword-shield/icon/buizel.png,418,Buizel,330,55,65,35,60,30,85
https://img.pokemondb.net/sprites/sword-shield/icon/floatzel.png,419,Floatzel,495,85,105,55,85,50,115
https://img.pokemondb.net/sprites/sword-shield/icon/cherubi.png,420,Cherubi,275,45,35,45,62,53,35
https://img.pokemondb.net/sprites/sword-shield/icon/cherrim.png,421,Cherrim,450,70,60,70,87,78,85
https://img.pokemondb.net/sprites/sword-shield/icon/shellos.png,422,Shellos,325,76,48,48,57,62,34
https://img.pokemondb.net/sprites/sword-shield/icon/gastrodon.png,423,Gastrodon,475,111,83,68,92,82,39
https://img.pokemondb.net/sprites/sword-shield/icon/ambipom.png,424,Ambipom,482,75,100,66,60,66,115
https://img.pokemondb.net/sprites/sword-shield/icon/drifloon.png,425,Drifloon,348,90,50,34,60,44,70
https://img.pokemondb.net/sprites/sword-shield/icon/drifblim.png,426,Drifblim,498,150,80,44,90,54,80
https://img.pokemondb.net/sprites/sword-shield/icon/buneary.png,427,Buneary,350,55,66,44,44,56,85
https://img.pokemondb.net/sprites/sword-shield/icon/lopunny.png,428,Lopunny,480,65,76,84,54,96,105
https://img.pokemondb.net/sprites/sword-shield/icon/mismagius.png,429,Mismagius,495,60,60,60,105,105,105
https://img.pokemondb.net/sprites/sword-shield/icon/honchkrow.png,430,Honchkrow,505,100,125,52,105,52,71
https://img.pokemondb.net/sprites/sword-shield/icon/glameow.png,431,Glameow,310,49,55,42,42,37,85
https://img.pokemondb.net/sprites/sword-shield/icon/purugly.png,432,Purugly,452,71,82,64,64,59,112
https://img.pokemondb.net/sprites/sword-shield/icon/chingling.png,433,Chingling,285,45,30,50,65,50,45
https://img.pokemondb.net/sprites/sword-shield/icon/stunky.png,434,Stunky,329,63,63,47,41,41,74
https://img.pokemondb.net/sprites/sword-shield/icon/skuntank.png,435,Skuntank,479,103,93,67,71,61,84
https://img.pokemondb.net/sprites/sword-shield/icon/bronzor.png,436,Bronzor,300,57,24,86,24,86,23
https://img.pokemondb.net/sprites/sword-shield/icon/bronzong.png,437,Bronzong,500,67,89,116,79,116,33
https://img.pokemondb.net/sprites/sword-shield/icon/bonsly.png,438,Bonsly,290,50,80,95,10,45,10
https://img.pokemondb.net/sprites/sword-shield/icon/mime-jr.png,439,Mime Jr.,310,20,25,45,70,90,60
https://img.pokemondb.net/sprites/sword-shield/icon/happiny.png,440,Happiny,220,100,5,5,15,65,30
https://img.pokemondb.net/sprites/sword-shield/icon/chatot.png,441,Chatot,411,76,65,45,92,42,91
https://img.pokemondb.net/sprites/sword-shield/icon/spiritomb.png,442,Spiritomb,485,50,92,108,92,108,35
https://img.pokemondb.net/sprites/sword-shield/icon/gible.png,443,Gible,300,58,70,45,40,45,42
https://img.pokemondb.net/sprites/sword-shield/icon/gabite.png,444,Gabite,410,68,90,65,50,55,82
https://img.pokemondb.net/sprites/sword-shield/icon/garchomp.png,445,Garchomp,600,108,130,95,80,85,102
https://img.pokemondb.net/sprites/sword-shield/icon/munchlax.png,446,Munchlax,390,135,85,40,40,85,5
https://img.pokemondb.net/sprites/sword-shield/icon/riolu.png,447,Riolu,285,40,70,40,35,40,60
https://img.pokemondb.net/sprites/sword-shield/icon/lucario.png,448,Lucario,525,70,110,70,115,70,90
https://img.pokemondb.net/sprites/sword-shield/icon/hippopotas.png,449,Hippopotas,330,68,72,78,38,42,32
https://img.pokemondb.net/sprites/sword-shield/icon/hippowdon.png,450,Hippowdon,525,108,112,118,68,72,47
https://img.pokemondb.net/sprites/sword-shield/icon/skorupi.png,451,Skorupi,330,40,50,90,30,55,65
https://img.pokemondb.net/sprites/sword-shield/icon/drapion.png,452,Drapion,500,70,90,110,60,75,95
https://img.pokemondb.net/sprites/sword-shield/icon/croagunk.png,453,Croagunk,300,48,61,40,61,40,50
https://img.pokemondb.net/sprites/sword-shield/icon/toxicroak.png,454,Toxicroak,490,83,106,65,86,65,85
https://img.pokemondb.net/sprites/sword-shield/icon/carnivine.png,455,Carnivine,454,74,100,72,90,72,46
https://img.pokemondb.net/sprites/sword-shield/icon/finneon.png,456,Finneon,330,49,49,56,49,61,66
https://img.pokemondb.net/sprites/sword-shield/icon/lumineon.png,457,Lumineon,460,69,69,76,69,86,91
https://img.pokemondb.net/sprites/sword-shield/icon/mantyke.png,458,Mantyke,345,45,20,50,60,120,50
https://img.pokemondb.net/sprites/sword-shield/icon/snover.png,459,Snover,334,60,62,50,62,60,40
https://img.pokemondb.net/sprites/sword-shield/icon/abomasnow.png,460,Abomasnow,494,90,92,75,92,85,60
https://img.pokemondb.net/sprites/sword-shield/icon/weavile.png,461,Weavile,510,70,120,65,45,85,125
https://img.pokemondb.net/sprites/sword-shield/icon/magnezone.png,462,Magnezone,535,70,70,115,130,90,60
https://img.pokemondb.net/sprites/sword-shield/icon/lickilicky.png,463,Lickilicky,515,110,85,95,80,95,50
https://img.pokemondb.net/sprites/sword-shield/icon/rhyperior.png,464,Rhyperior,535,115,140,130,55,55,40
https://img.pokemondb.net/sprites/sword-shield/icon/tangrowth.png,465,Tangrowth,535,100,100,125,110,50,50
https://img.pokemondb.net/sprites/sword-shield/icon/electivire.png,466,Electivire,540,75,123,67,95,85,95
https://img.pokemondb.net/sprites/sword-shield/icon/magmortar.png,467,Magmortar,540,75,95,67,125,95,83
https://img.pokemondb.net/sprites/sword-shield/icon/togekiss.png,468,Togekiss,545,85,50,95,120,115,80
https://img.pokemondb.net/sprites/sword-shield/icon/yanmega.png,469,Yanmega,515,86,76,86,116,56,95
https://img.pokemondb.net/sprites/sword-shield/icon/leafeon.png,470,Leafeon,525,65,110,130,60,65,95
https://img.pokemondb.net/sprites/sword-shield/icon/glaceon.png,471,Glaceon,525,65,60,110,130,95,65
https://img.pokemondb.net/sprites/sword-shield/icon/gliscor.png,472,Gliscor,510,75,95,125,45,75,95
https://img.pokemondb.net/sprites/sword-shield/icon/mamoswine.png,473,Mamoswine,530,110,130,80,70,60,80
https://img.pokemondb.net/sprites/sword-shield/icon/porygon-z.png,474,Porygon-Z,535,85,80,70,135,75,90
https://img.pokemondb.net/sprites/sword-shield/icon/gallade.png,475,Gallade,518,68,125,65,65,115,80
https://img.pokemondb.net/sprites/sword-shield/icon/probopass.png,476,Probopass,525,60,55,145,75,150,40
https://img.pokemondb.net/sprites/sword-shield/icon/dusknoir.png,477,Dusknoir,525,45,100,135,65,135,45
https://img.pokemondb.net/sprites/sword-shield/icon/froslass.png,478,Froslass,480,70,80,70,80,70,110
https://img.pokemondb.net/sprites/sword-shield/icon/rotom.png,479,Rotom,440,50,50,77,95,77,91
https://img.pokemondb.net/sprites/sword-shield/icon/uxie.png,480,Uxie,580,75,75,130,75,130,95
https://img.pokemondb.net/sprites/sword-shield/icon/mesprit.png,481,Mesprit,580,80,105,105,105,105,80
https://img.pokemondb.net/sprites/sword-shield/icon/azelf.png,482,Azelf,580,75,125,70,125,70,115
https://img.pokemondb.net/sprites/sword-shield/icon/dialga.png,483,Dialga,680,100,120,120,150,100,90
https://img.pokemondb.net/sprites/sword-shield/icon/palkia.png,484,Palkia,680,90,120,100,150,120,100
https://img.pokemondb.net/sprites/sword-shield/icon/heatran.png,485,Heatran,600,91,90,106,130,106,77
https://img.pokemondb.net/sprites/sword-shield/icon/regigigas.png,486,Regigigas,670,110,160,110,80,110,100
https://img.pokemondb.net/sprites/sword-shield/icon/giratina-altered.png,487,Giratina Altered Forme,680,150,100,120,100,120,90
https://img.pokemondb.net/sprites/sword-shield/icon/cresselia.png,488,Cresselia,600,120,70,120,75,130,85
https://img.pokemondb.net/sprites/sword-shield/icon/phione.png,489,Phione,480,80,80,80,80,80,80
https://img.pokemondb.net/sprites/sword-shield/icon/manaphy.png,490,Manaphy,600,100,100,100,100,100,100
https://img.pokemondb.net/sprites/sword-shield/icon/darkrai.png,491,Darkrai,600,70,90,90,135,90,125
https://img.pokemondb.net/sprites/sword-shield/icon/shaymin-land.png,492,ShayminLand Forme,600,100,100,100,100,100,100
https://img.pokemondb.net/sprites/sword-shield/icon/arceus.png,493,Arceus,720,120,120,120,120,120,120
https://img.pokemondb.net/sprites/sword-shield/icon/victini.png,494,Victini,600,100,100,100,100,100,100
https://img.pokemondb.net/sprites/sword-shield/icon/snivy.png,495,Snivy,308,45,45,55,45,55,63
https://img.pokemondb.net/sprites/sword-shield/icon/servine.png,496,Servine,413,60,60,75,60,75,83
https://img.pokemondb.net/sprites/sword-shield/icon/serperior.png,497,Serperior,528,75,75,95,75,95,113
https://img.pokemondb.net/sprites/sword-shield/icon/tepig.png,498,Tepig,308,65,63,45,45,45,45
https://img.pokemondb.net/sprites/sword-shield/icon/pignite.png,499,Pignite,418,90,93,55,70,55,55
https://img.pokemondb.net/sprites/sword-shield/icon/emboar.png,500,Emboar,528,110,123,65,100,65,65
https://img.pokemondb.net/sprites/sword-shield/icon/oshawott.png,501,Oshawott,308,55,55,45,63,45,45
https://img.pokemondb.net/sprites/sword-shield/icon/dewott.png,502,Dewott,413,75,75,60,83,60,60
https://img.pokemondb.net/sprites/sword-shield/icon/samurott.png,503,Samurott,528,95,100,85,108,70,70
https://img.pokemondb.net/sprites/sword-shield/icon/patrat.png,504,Patrat,255,45,55,39,35,39,42
https://img.pokemondb.net/sprites/sword-shield/icon/watchog.png,505,Watchog,420,60,85,69,60,69,77
https://img.pokemondb.net/sprites/sword-shield/icon/lillipup.png,506,Lillipup,275,45,60,45,25,45,55
https://img.pokemondb.net/sprites/sword-shield/icon/herdier.png,507,Herdier,370,65,80,65,35,65,60
https://img.pokemondb.net/sprites/sword-shield/icon/stoutland.png,508,Stoutland,500,85,110,90,45,90,80
https://img.pokemondb.net/sprites/sword-shield/icon/purrloin.png,509,Purrloin,281,41,50,37,50,37,66
https://img.pokemondb.net/sprites/sword-shield/icon/liepard.png,510,Liepard,446,64,88,50,88,50,106
https://img.pokemondb.net/sprites/sword-shield/icon/pansage.png,511,Pansage,316,50,53,48,53,48,64
https://img.pokemondb.net/sprites/sword-shield/icon/simisage.png,512,Simisage,498,75,98,63,98,63,101
https://img.pokemondb.net/sprites/sword-shield/icon/pansear.png,513,Pansear,316,50,53,48,53,48,64
https://img.pokemondb.net/sprites/sword-shield/icon/simisear.png,514,Simisear,498,75,98,63,98,63,101
https://img.pokemondb.net/sprites/sword-shield/icon/panpour.png,515,Panpour,316,50,53,48,53,48,64
https://img.pokemondb.net/sprites/sword-shield/icon/simipour.png,516,Simipour,498,75,98,63,98,63,101
https://img.pokemondb.net/sprites/sword-shield/icon/munna.png,517,Munna,292,76,25,45,67,55,24
https://img.pokemondb.net/sprites/sword-shield/icon/musharna.png,518,Musharna,487,116,55,85,107,95,29
https://img.pokemondb.net/sprites/sword-shield/icon/pidove.png,519,Pidove,264,50,55,50,36,30,43
https://img.pokemondb.net/sprites/sword-shield/icon/tranquill.png,520,Tranquill,358,62,77,62,50,42,65
https://img.pokemondb.net/sprites/sword-shield/icon/unfezant.png,521,Unfezant,488,80,115,80,65,55,93
https://img.pokemondb.net/sprites/sword-shield/icon/blitzle.png,522,Blitzle,295,45,60,32,50,32,76
https://img.pokemondb.net/sprites/sword-shield/icon/zebstrika.png,523,Zebstrika,497,75,100,63,80,63,116
https://img.pokemondb.net/sprites/sword-shield/icon/roggenrola.png,524,Roggenrola,280,55,75,85,25,25,15
https://img.pokemondb.net/sprites/sword-shield/icon/boldore.png,525,Boldore,390,70,105,105,50,40,20
https://img.pokemondb.net/sprites/sword-shield/icon/gigalith.png,526,Gigalith,515,85,135,130,60,80,25
https://img.pokemondb.net/sprites/sword-shield/icon/woobat.png,527,Woobat,323,65,45,43,55,43,72
https://img.pokemondb.net/sprites/sword-shield/icon/swoobat.png,528,Swoobat,425,67,57,55,77,55,114
https://img.pokemondb.net/sprites/sword-shield/icon/drilbur.png,529,Drilbur,328,60,85,40,30,45,68
https://img.pokemondb.net/sprites/sword-shield/icon/excadrill.png,530,Excadrill,508,110,135,60,50,65,88
https://img.pokemondb.net/sprites/sword-shield/icon/audino.png,531,Audino,445,103,60,86,60,86,50
https://img.pokemondb.net/sprites/sword-shield/icon/timburr.png,532,Timburr,305,75,80,55,25,35,35
https://img.pokemondb.net/sprites/sword-shield/icon/gurdurr.png,533,Gurdurr,405,85,105,85,40,50,40
https://img.pokemondb.net/sprites/sword-shield/icon/conkeldurr.png,534,Conkeldurr,505,105,140,95,55,65,45
https://img.pokemondb.net/sprites/sword-shield/icon/tympole.png,535,Tympole,294,50,50,40,50,40,64
https://img.pokemondb.net/sprites/sword-shield/icon/palpitoad.png,536,Palpitoad,384,75,65,55,65,55,69
https://img.pokemondb.net/sprites/sword-shield/icon/seismitoad.png,537,Seismitoad,509,105,95,75,85,75,74
https://img.pokemondb.net/sprites/sword-shield/icon/throh.png,538,Throh,465,120,100,85,30,85,45
https://img.pokemondb.net/sprites/sword-shield/icon/sawk.png,539,Sawk,465,75,125,75,30,75,85
https://img.pokemondb.net/sprites/sword-shield/icon/sewaddle.png,540,Sewaddle,310,45,53,70,40,60,42
https://img.pokemondb.net/sprites/sword-shield/icon/swadloon.png,541,Swadloon,380,55,63,90,50,80,42
https://img.pokemondb.net/sprites/sword-shield/icon/leavanny.png,542,Leavanny,500,75,103,80,70,80,92
https://img.pokemondb.net/sprites/sword-shield/icon/venipede.png,543,Venipede,260,30,45,59,30,39,57
https://img.pokemondb.net/sprites/sword-shield/icon/whirlipede.png,544,Whirlipede,360,40,55,99,40,79,47
https://img.pokemondb.net/sprites/sword-shield/icon/scolipede.png,545,Scolipede,485,60,100,89,55,69,112
https://img.pokemondb.net/sprites/sword-shield/icon/cottonee.png,546,Cottonee,280,40,27,60,37,50,66
https://img.pokemondb.net/sprites/sword-shield/icon/whimsicott.png,547,Whimsicott,480,60,67,85,77,75,116
https://img.pokemondb.net/sprites/sword-shield/icon/petilil.png,548,Petilil,280,45,35,50,70,50,30
https://img.pokemondb.net/sprites/sword-shield/icon/lilligant.png,549,Lilligant,480,70,60,75,110,75,90
https://img.pokemondb.net/sprites/sword-shield/icon/basculin-red-striped.png,550,BasculinRed-Striped Form,460,70,92,65,80,55,98
https://img.pokemondb.net/sprites/sword-shield/icon/sandile.png,551,Sandile,292,50,72,35,35,35,65
https://img.pokemondb.net/sprites/sword-shield/icon/krokorok.png,552,Krokorok,351,60,82,45,45,45,74
https://img.pokemondb.net/sprites/sword-shield/icon/krookodile.png,553,Krookodile,519,95,117,80,65,70,92
https://img.pokemondb.net/sprites/sword-shield/icon/darumaka.png,554,Darumaka,315,70,90,45,15,45,50
https://img.pokemondb.net/sprites/sword-shield/icon/darmanitan-standard.png,555,DarmanitanStandard Mode,480,105,140,55,30,55,95
https://img.pokemondb.net/sprites/sword-shield/icon/maractus.png,556,Maractus,461,75,86,67,106,67,60
https://img.pokemondb.net/sprites/sword-shield/icon/dwebble.png,557,Dwebble,325,50,65,85,35,35,55
https://img.pokemondb.net/sprites/sword-shield/icon/crustle.png,558,Crustle,485,70,105,125,65,75,45
https://img.pokemondb.net/sprites/sword-shield/icon/scraggy.png,559,Scraggy,348,50,75,70,35,70,48
https://img.pokemondb.net/sprites/sword-shield/icon/scrafty.png,560,Scrafty,488,65,90,115,45,115,58
https://img.pokemondb.net/sprites/sword-shield/icon/sigilyph.png,561,Sigilyph,490,72,58,80,103,80,97
https://img.pokemondb.net/sprites/sword-shield/icon/yamask.png,562,Yamask,303,38,30,85,55,65,30
https://img.pokemondb.net/sprites/sword-shield/icon/cofagrigus.png,563,Cofagrigus,483,58,50,145,95,105,30
https://img.pokemondb.net/sprites/sword-shield/icon/tirtouga.png,564,Tirtouga,355,54,78,103,53,45,22
https://img.pokemondb.net/sprites/sword-shield/icon/carracosta.png,565,Carracosta,495,74,108,133,83,65,32
https://img.pokemondb.net/sprites/sword-shield/icon/archen.png,566,Archen,401,55,112,45,74,45,70
https://img.pokemondb.net/sprites/sword-shield/icon/archeops.png,567,Archeops,567,75,140,65,112,65,110
https://img.pokemondb.net/sprites/sword-shield/icon/trubbish.png,568,Trubbish,329,50,50,62,40,62,65
https://img.pokemondb.net/sprites/sword-shield/icon/garbodor.png,569,Garbodor,474,80,95,82,60,82,75
https://img.pokemondb.net/sprites/sword-shield/icon/zorua.png,570,Zorua,330,40,65,40,80,40,65
https://img.pokemondb.net/sprites/sword-shield/icon/zoroark.png,571,Zoroark,510,60,105,60,120,60,105
https://img.pokemondb.net/sprites/sword-shield/icon/minccino.png,572,Minccino,300,55,50,40,40,40,75
https://img.pokemondb.net/sprites/sword-shield/icon/cinccino.png,573,Cinccino,470,75,95,60,65,60,115
https://img.pokemondb.net/sprites/sword-shield/icon/gothita.png,574,Gothita,290,45,30,50,55,65,45
https://img.pokemondb.net/sprites/sword-shield/icon/gothorita.png,575,Gothorita,390,60,45,70,75,85,55
https://img.pokemondb.net/sprites/sword-shield/icon/gothitelle.png,576,Gothitelle,490,70,55,95,95,110,65
https://img.pokemondb.net/sprites/sword-shield/icon/solosis.png,577,Solosis,290,45,30,40,105,50,20
https://img.pokemondb.net/sprites/sword-shield/icon/duosion.png,578,Duosion,370,65,40,50,125,60,30
https://img.pokemondb.net/sprites/sword-shield/icon/reuniclus.png,579,Reuniclus,490,110,65,75,125,85,30
https://img.pokemondb.net/sprites/sword-shield/icon/ducklett.png,580,Ducklett,305,62,44,50,44,50,55
https://img.pokemondb.net/sprites/sword-shield/icon/swanna.png,581,Swanna,473,75,87,63,87,63,98
https://img.pokemondb.net/sprites/sword-shield/icon/vanillite.png,582,Vanillite,305,36,50,50,65,60,44
https://img.pokemondb.net/sprites/sword-shield/icon/vanillish.png,583,Vanillish,395,51,65,65,80,75,59
https://img.pokemondb.net/sprites/sword-shield/icon/vanilluxe.png,584,Vanilluxe,535,71,95,85,110,95,79
https://img.pokemondb.net/sprites/sword-shield/icon/deerling.png,585,Deerling,335,60,60,50,40,50,75
https://img.pokemondb.net/sprites/sword-shield/icon/sawsbuck.png,586,Sawsbuck,475,80,100,70,60,70,95
https://img.pokemondb.net/sprites/sword-shield/icon/emolga.png,587,Emolga,428,55,75,60,75,60,103
https://img.pokemondb.net/sprites/sword-shield/icon/karrablast.png,588,Karrablast,315,50,75,45,40,45,60
https://img.pokemondb.net/sprites/sword-shield/icon/escavalier.png,589,Escavalier,495,70,135,105,60,105,20
https://img.pokemondb.net/sprites/sword-shield/icon/foongus.png,590,Foongus,294,69,55,45,55,55,15
https://img.pokemondb.net/sprites/sword-shield/icon/amoonguss.png,591,Amoonguss,464,114,85,70,85,80,30
https://img.pokemondb.net/sprites/sword-shield/icon/frillish.png,592,Frillish,335,55,40,50,65,85,40
https://img.pokemondb.net/sprites/sword-shield/icon/jellicent.png,593,Jellicent,480,100,60,70,85,105,60
https://img.pokemondb.net/sprites/sword-shield/icon/alomomola.png,594,Alomomola,470,165,75,80,40,45,65
https://img.pokemondb.net/sprites/sword-shield/icon/joltik.png,595,Joltik,319,50,47,50,57,50,65
https://img.pokemondb.net/sprites/sword-shield/icon/galvantula.png,596,Galvantula,472,70,77,60,97,60,108
https://img.pokemondb.net/sprites/sword-shield/icon/ferroseed.png,597,Ferroseed,305,44,50,91,24,86,10
https://img.pokemondb.net/sprites/sword-shield/icon/ferrothorn.png,598,Ferrothorn,489,74,94,131,54,116,20
https://img.pokemondb.net/sprites/sword-shield/icon/klink.png,599,Klink,300,40,55,70,45,60,30
https://img.pokemondb.net/sprites/sword-shield/icon/klang.png,600,Klang,440,60,80,95,70,85,50
https://img.pokemondb.net/sprites/sword-shield/icon/klinklang.png,601,Klinklang,520,60,100,115,70,85,90
https://img.pokemondb.net/sprites/sword-shield/icon/tynamo.png,602,Tynamo,275,35,55,40,45,40,60
https://img.pokemondb.net/sprites/sword-shield/icon/eelektrik.png,603,Eelektrik,405,65,85,70,75,70,40
https://img.pokemondb.net/sprites/sword-shield/icon/eelektross.png,604,Eelektross,515,85,115,80,105,80,50
https://img.pokemondb.net/sprites/sword-shield/icon/elgyem.png,605,Elgyem,335,55,55,55,85,55,30
https://img.pokemondb.net/sprites/sword-shield/icon/beheeyem.png,606,Beheeyem,485,75,75,75,125,95,40
https://img.pokemondb.net/sprites/sword-shield/icon/litwick.png,607,Litwick,275,50,30,55,65,55,20
https://img.pokemondb.net/sprites/sword-shield/icon/lampent.png,608,Lampent,370,60,40,60,95,60,55
https://img.pokemondb.net/sprites/sword-shield/icon/chandelure.png,609,Chandelure,520,60,55,90,145,90,80
https://img.pokemondb.net/sprites/sword-shield/icon/axew.png,610,Axew,320,46,87,60,30,40,57
https://img.pokemondb.net/sprites/sword-shield/icon/fraxure.png,611,Fraxure,410,66,117,70,40,50,67
https://img.pokemondb.net/sprites/sword-shield/icon/haxorus.png,612,Haxorus,540,76,147,90,60,70,97
https://img.pokemondb.net/sprites/sword-shield/icon/cubchoo.png,613,Cubchoo,305,55,70,40,60,40,40
https://img.pokemondb.net/sprites/sword-shield/icon/beartic.png,614,Beartic,505,95,130,80,70,80,50
https://img.pokemondb.net/sprites/sword-shield/icon/cryogonal.png,615,Cryogonal,515,80,50,50,95,135,105
https://img.pokemondb.net/sprites/sword-shield/icon/shelmet.png,616,Shelmet,305,50,40,85,40,65,25
https://img.pokemondb.net/sprites/sword-shield/icon/accelgor.png,617,Accelgor,495,80,70,40,100,60,145
https://img.pokemondb.net/sprites/sword-shield/icon/stunfisk.png,618,Stunfisk,471,109,66,84,81,99,32
https://img.pokemondb.net/sprites/sword-shield/icon/mienfoo.png,619,Mienfoo,350,45,85,50,55,50,65
https://img.pokemondb.net/sprites/sword-shield/icon/mienshao.png,620,Mienshao,510,65,125,60,95,60,105
https://img.pokemondb.net/sprites/sword-shield/icon/druddigon.png,621,Druddigon,485,77,120,90,60,90,48
https://img.pokemondb.net/sprites/sword-shield/icon/golett.png,622,Golett,303,59,74,50,35,50,35
https://img.pokemondb.net/sprites/sword-shield/icon/golurk.png,623,Golurk,483,89,124,80,55,80,55
https://img.pokemondb.net/sprites/sword-shield/icon/pawniard.png,624,Pawniard,340,45,85,70,40,40,60
https://img.pokemondb.net/sprites/sword-shield/icon/bisharp.png,625,Bisharp,490,65,125,100,60,70,70
https://img.pokemondb.net/sprites/sword-shield/icon/bouffalant.png,626,Bouffalant,490,95,110,95,40,95,55
https://img.pokemondb.net/sprites/sword-shield/icon/rufflet.png,627,Rufflet,350,70,83,50,37,50,60
https://img.pokemondb.net/sprites/sword-shield/icon/braviary.png,628,Braviary,510,100,123,75,57,75,80
https://img.pokemondb.net/sprites/sword-shield/icon/vullaby.png,629,Vullaby,370,70,55,75,45,65,60
https://img.pokemondb.net/sprites/sword-shield/icon/mandibuzz.png,630,Mandibuzz,510,110,65,105,55,95,80
https://img.pokemondb.net/sprites/sword-shield/icon/heatmor.png,631,Heatmor,484,85,97,66,105,66,65
https://img.pokemondb.net/sprites/sword-shield/icon/durant.png,632,Durant,484,58,109,112,48,48,109
https://img.pokemondb.net/sprites/sword-shield/icon/deino.png,633,Deino,300,52,65,50,45,50,38
https://img.pokemondb.net/sprites/sword-shield/icon/zweilous.png,634,Zweilous,420,72,85,70,65,70,58
https://img.pokemondb.net/sprites/sword-shield/icon/hydreigon.png,635,Hydreigon,600,92,105,90,125,90,98
https://img.pokemondb.net/sprites/sword-shield/icon/larvesta.png,636,Larvesta,360,55,85,55,50,55,60
https://img.pokemondb.net/sprites/sword-shield/icon/volcarona.png,637,Volcarona,550,85,60,65,135,105,100
https://img.pokemondb.net/sprites/sword-shield/icon/cobalion.png,638,Cobalion,580,91,90,129,90,72,108
https://img.pokemondb.net/sprites/sword-shield/icon/terrakion.png,639,Terrakion,580,91,129,90,72,90,108
https://img.pokemondb.net/sprites/sword-shield/icon/virizion.png,640,Virizion,580,91,90,72,90,129,108
https://img.pokemondb.net/sprites/sword-shield/icon/tornadus-incarnate.png,641,TornadusIncarnate Forme,580,79,115,70,125,80,111
https://img.pokemondb.net/sprites/sword-shield/icon/thundurus-incarnate.png,642,ThundurusIncarnate Forme,580,79,115,70,125,80,111
https://img.pokemondb.net/sprites/sword-shield/icon/reshiram.png,643,Reshiram,680,100,120,100,150,120,90
https://img.pokemondb.net/sprites/sword-shield/icon/zekrom.png,644,Zekrom,680,100,150,120,120,100,90
https://img.pokemondb.net/sprites/sword-shield/icon/landorus-incarnate.png,645,LandorusIncarnate Forme,600,89,125,90,115,80,101
https://img.pokemondb.net/sprites/sword-shield/icon/kyurem.png,646,Kyurem,660,125,130,90,130,90,95
https://img.pokemondb.net/sprites/sword-shield/icon/keldeo-ordinary.png,647,KeldeoOrdinary Form,580,91,72,90,129,90,108
https://img.pokemondb.net/sprites/sword-shield/icon/meloetta-aria.png,648,MeloettaAria Forme,600,100,77,77,128,128,90
https://img.pokemondb.net/sprites/sword-shield/icon/genesect.png,649,Genesect,600,71,120,95,120,95,99
https://img.pokemondb.net/sprites/sword-shield/icon/chespin.png,650,Chespin,313,56,61,65,48,45,38
https://img.pokemondb.net/sprites/sword-shield/icon/quilladin.png,651,Quilladin,405,61,78,95,56,58,57
https://img.pokemondb.net/sprites/sword-shield/icon/chesnaught.png,652,Chesnaught,530,88,107,122,74,75,64
https://img.pokemondb.net/sprites/sword-shield/icon/fennekin.png,653,Fennekin,307,40,45,40,62,60,60
https://img.pokemondb.net/sprites/sword-shield/icon/braixen.png,654,Braixen,409,59,59,58,90,70,73
https://img.pokemondb.net/sprites/sword-shield/icon/delphox.png,655,Delphox,534,75,69,72,114,100,104
https://img.pokemondb.net/sprites/sword-shield/icon/froakie.png,656,Froakie,314,41,56,40,62,44,71
https://img.pokemondb.net/sprites/sword-shield/icon/frogadier.png,657,Frogadier,405,54,63,52,83,56,97
https://img.pokemondb.net/sprites/sword-shield/icon/greninja.png,658,Greninja,530,72,95,67,103,71,122
https://img.pokemondb.net/sprites/sword-shield/icon/bunnelby.png,659,Bunnelby,237,38,36,38,32,36,57
https://img.pokemondb.net/sprites/sword-shield/icon/diggersby.png,660,Diggersby,423,85,56,77,50,77,78
https://img.pokemondb.net/sprites/sword-shield/icon/fletchling.png,661,Fletchling,278,45,50,43,40,38,62
https://img.pokemondb.net/sprites/sword-shield/icon/fletchinder.png,662,Fletchinder,382,62,73,55,56,52,84
https://img.pokemondb.net/sprites/sword-shield/icon/talonflame.png,663,Talonflame,499,78,81,71,74,69,126
https://img.pokemondb.net/sprites/sword-shield/icon/scatterbug.png,664,Scatterbug,200,38,35,40,27,25,35
https://img.pokemondb.net/sprites/sword-shield/icon/spewpa.png,665,Spewpa,213,45,22,60,27,30,29
https://img.pokemondb.net/sprites/sword-shield/icon/vivillon.png,666,Vivillon,411,80,52,50,90,50,89
https://img.pokemondb.net/sprites/sword-shield/icon/litleo.png,667,Litleo,369,62,50,58,73,54,72
https://img.pokemondb.net/sprites/sword-shield/icon/pyroar.png,668,Pyroar,507,86,68,72,109,66,106
https://img.pokemondb.net/sprites/sword-shield/icon/flabebe.png,669,Flabébé,303,44,38,39,61,79,42
https://img.pokemondb.net/sprites/sword-shield/icon/floette.png,670,Floette,371,54,45,47,75,98,52
https://img.pokemondb.net/sprites/sword-shield/icon/florges.png,671,Florges,552,78,65,68,112,154,75
https://img.pokemondb.net/sprites/sword-shield/icon/skiddo.png,672,Skiddo,350,66,65,48,62,57,52
https://img.pokemondb.net/sprites/sword-shield/icon/gogoat.png,673,Gogoat,531,123,100,62,97,81,68
https://img.pokemondb.net/sprites/sword-shield/icon/pancham.png,674,Pancham,348,67,82,62,46,48,43
https://img.pokemondb.net/sprites/sword-shield/icon/pangoro.png,675,Pangoro,495,95,124,78,69,71,58
https://img.pokemondb.net/sprites/sword-shield/icon/furfrou.png,676,Furfrou,472,75,80,60,65,90,102
https://img.pokemondb.net/sprites/sword-shield/icon/espurr.png,677,Espurr,355,62,48,54,63,60,68
https://img.pokemondb.net/sprites/sword-shield/icon/meowstic-male.png,678,MeowsticMale,466,74,48,76,83,81,104
https://img.pokemondb.net/sprites/sword-shield/icon/honedge.png,679,Honedge,325,45,80,100,35,37,28
https://img.pokemondb.net/sprites/sword-shield/icon/doublade.png,680,Doublade,448,59,110,150,45,49,35
https://img.pokemondb.net/sprites/sword-shield/icon/aegislash-shield.png,681,AegislashShield Forme,500,60,50,140,50,140,60
https://img.pokemondb.net/sprites/sword-shield/icon/spritzee.png,682,Spritzee,341,78,52,60,63,65,23
https://img.pokemondb.net/sprites/sword-shield/icon/aromatisse.png,683,Aromatisse,462,101,72,72,99,89,29
https://img.pokemondb.net/sprites/sword-shield/icon/swirlix.png,684,Swirlix,341,62,48,66,59,57,49
https://img.pokemondb.net/sprites/sword-shield/icon/slurpuff.png,685,Slurpuff,480,82,80,86,85,75,72
https://img.pokemondb.net/sprites/sword-shield/icon/inkay.png,686,Inkay,288,53,54,53,37,46,45
https://img.pokemondb.net/sprites/sword-shield/icon/malamar.png,687,Malamar,482,86,92,88,68,75,73
https://img.pokemondb.net/sprites/sword-shield/icon/binacle.png,688,Binacle,306,42,52,67,39,56,50
https://img.pokemondb.net/sprites/sword-shield/icon/barbaracle.png,689,Barbaracle,500,72,105,115,54,86,68
https://img.pokemondb.net/sprites/sword-shield/icon/skrelp.png,690,Skrelp,320,50,60,60,60,60,30
https://img.pokemondb.net/sprites/sword-shield/icon/dragalge.png,691,Dragalge,494,65,75,90,97,123,44
https://img.pokemondb.net/sprites/sword-shield/icon/clauncher.png,692,Clauncher,330,50,53,62,58,63,44
https://img.pokemondb.net/sprites/sword-shield/icon/clawitzer.png,693,Clawitzer,500,71,73,88,120,89,59
https://img.pokemondb.net/sprites/sword-shield/icon/helioptile.png,694,Helioptile,289,44,38,33,61,43,70
https://img.pokemondb.net/sprites/sword-shield/icon/heliolisk.png,695,Heliolisk,481,62,55,52,109,94,109
https://img.pokemondb.net/sprites/sword-shield/icon/tyrunt.png,696,Tyrunt,362,58,89,77,45,45,48
https://img.pokemondb.net/sprites/sword-shield/icon/tyrantrum.png,697,Tyrantrum,521,82,121,119,69,59,71
https://img.pokemondb.net/sprites/sword-shield/icon/amaura.png,698,Amaura,362,77,59,50,67,63,46
https://img.pokemondb.net/sprites/sword-shield/icon/aurorus.png,699,Aurorus,521,123,77,72,99,92,58
https://img.pokemondb.net/sprites/sword-shield/icon/sylveon.png,700,Sylveon,525,95,65,65,110,130,60
https://img.pokemondb.net/sprites/sword-shield/icon/hawlucha.png,701,Hawlucha,500,78,92,75,74,63,118
https://img.pokemondb.net/sprites/sword-shield/icon/dedenne.png,702,Dedenne,431,67,58,57,81,67,101
https://img.pokemondb.net/sprites/sword-shield/icon/carbink.png,703,Carbink,500,50,50,150,50,150,50
https://img.pokemondb.net/sprites/sword-shield/icon/goomy.png,704,Goomy,300,45,50,35,55,75,40
https://img.pokemondb.net/sprites/sword-shield/icon/sliggoo.png,705,Sliggoo,452,68,75,53,83,113,60
https://img.pokemondb.net/sprites/sword-shield/icon/goodra.png,706,Goodra,600,90,100,70,110,150,80
https://img.pokemondb.net/sprites/sword-shield/icon/klefki.png,707,Klefki,470,57,80,91,80,87,75
https://img.pokemondb.net/sprites/sword-shield/icon/phantump.png,708,Phantump,309,43,70,48,50,60,38
https://img.pokemondb.net/sprites/sword-shield/icon/trevenant.png,709,Trevenant,474,85,110,76,65,82,56
https://img.pokemondb.net/sprites/sword-shield/icon/pumpkaboo-average.png,710,Pumpkaboo Average Size,335,49,66,70,44,55,51
https://img.pokemondb.net/sprites/sword-shield/icon/gourgeist-average.png,711,Gourgeist Average Size,494,65,90,122,58,75,84
https://img.pokemondb.net/sprites/sword-shield/icon/bergmite.png,712,Bergmite,304,55,69,85,32,35,28
https://img.pokemondb.net/sprites/sword-shield/icon/avalugg.png,713,Avalugg,514,95,117,184,44,46,28
https://img.pokemondb.net/sprites/sword-shield/icon/noibat.png,714,Noibat,245,40,30,35,45,40,55
https://img.pokemondb.net/sprites/sword-shield/icon/noivern.png,715,Noivern,535,85,70,80,97,80,123
https://img.pokemondb.net/sprites/sword-shield/icon/xerneas.png,716,Xerneas,680,126,131,95,131,98,99
https://img.pokemondb.net/sprites/sword-shield/icon/yveltal.png,717,Yveltal,680,126,131,95,131,98,99
https://img.pokemondb.net/sprites/sword-shield/icon/zygarde-50.png,718,Zygarde50% Forme,600,108,100,121,81,95,95
https://img.pokemondb.net/sprites/sword-shield/icon/diancie.png,719,Diancie,600,50,100,150,100,150,50
https://img.pokemondb.net/sprites/sword-shield/icon/hoopa-confined.png,720,HoopaHoopa Confined,600,80,110,60,150,130,70
https://img.pokemondb.net/sprites/sword-shield/icon/volcanion.png,721,Volcanion,600,80,110,120,130,90,70
https://img.pokemondb.net/sprites/sword-shield/icon/rowlet.png,722,Rowlet,320,68,55,55,50,50,42
https://img.pokemondb.net/sprites/sword-shield/icon/dartrix.png,723,Dartrix,420,78,75,75,70,70,52
https://img.pokemondb.net/sprites/sword-shield/icon/decidueye.png,724,Decidueye,530,78,107,75,100,100,70
https://img.pokemondb.net/sprites/sword-shield/icon/litten.png,725,Litten,320,45,65,40,60,40,70
https://img.pokemondb.net/sprites/sword-shield/icon/torracat.png,726,Torracat,420,65,85,50,80,50,90
https://img.pokemondb.net/sprites/sword-shield/icon/incineroar.png,727,Incineroar,530,95,115,90,80,90,60
https://img.pokemondb.net/sprites/sword-shield/icon/popplio.png,728,Popplio,320,50,54,54,66,56,40
https://img.pokemondb.net/sprites/sword-shield/icon/brionne.png,729,Brionne,420,60,69,69,91,81,50
https://img.pokemondb.net/sprites/sword-shield/icon/primarina.png,730,Primarina,530,80,74,74,126,116,60
https://img.pokemondb.net/sprites/sword-shield/icon/pikipek.png,731,Pikipek,265,35,75,30,30,30,65
https://img.pokemondb.net/sprites/sword-shield/icon/trumbeak.png,732,Trumbeak,355,55,85,50,40,50,75
https://img.pokemondb.net/sprites/sword-shield/icon/toucannon.png,733,Toucannon,485,80,120,75,75,75,60
https://img.pokemondb.net/sprites/sword-shield/icon/yungoos.png,734,Yungoos,253,48,70,30,30,30,45
https://img.pokemondb.net/sprites/sword-shield/icon/gumshoos.png,735,Gumshoos,418,88,110,60,55,60,45
https://img.pokemondb.net/sprites/sword-shield/icon/grubbin.png,736,Grubbin,300,47,62,45,55,45,46
https://img.pokemondb.net/sprites/sword-shield/icon/charjabug.png,737,Charjabug,400,57,82,95,55,75,36
https://img.pokemondb.net/sprites/sword-shield/icon/vikavolt.png,738,Vikavolt,500,77,70,90,145,75,43
https://img.pokemondb.net/sprites/sword-shield/icon/crabrawler.png,739,Crabrawler,338,47,82,57,42,47,63
https://img.pokemondb.net/sprites/sword-shield/icon/crabominable.png,740,Crabominable,478,97,132,77,62,67,43
https://img.pokemondb.net/sprites/sword-shield/icon/oricorio-baile.png,741,OricorioBaile Style,476,75,70,70,98,70,93
https://img.pokemondb.net/sprites/sword-shield/icon/cutiefly.png,742,Cutiefly,304,40,45,40,55,40,84
https://img.pokemondb.net/sprites/sword-shield/icon/ribombee.png,743,Ribombee,464,60,55,60,95,70,124
https://img.pokemondb.net/sprites/sword-shield/icon/rockruff.png,744,Rockruff,280,45,65,40,30,40,60
https://img.pokemondb.net/sprites/sword-shield/icon/lycanroc-midday.png,745,LycanrocMidday Form,487,75,115,65,55,65,112
https://img.pokemondb.net/sprites/sword-shield/icon/wishiwashi-solo.png,746,WishiwashiSolo Form,175,45,20,20,25,25,40
https://img.pokemondb.net/sprites/sword-shield/icon/mareanie.png,747,Mareanie,305,50,53,62,43,52,45
https://img.pokemondb.net/sprites/sword-shield/icon/toxapex.png,748,Toxapex,495,50,63,152,53,142,35
https://img.pokemondb.net/sprites/sword-shield/icon/mudbray.png,749,Mudbray,385,70,100,70,45,55,45
https://img.pokemondb.net/sprites/sword-shield/icon/mudsdale.png,750,Mudsdale,500,100,125,100,55,85,35
https://img.pokemondb.net/sprites/sword-shield/icon/dewpider.png,751,Dewpider,269,38,40,52,40,72,27
https://img.pokemondb.net/sprites/sword-shield/icon/araquanid.png,752,Araquanid,454,68,70,92,50,132,42
https://img.pokemondb.net/sprites/sword-shield/icon/fomantis.png,753,Fomantis,250,40,55,35,50,35,35
https://img.pokemondb.net/sprites/sword-shield/icon/lurantis.png,754,Lurantis,480,70,105,90,80,90,45
https://img.pokemondb.net/sprites/sword-shield/icon/morelull.png,755,Morelull,285,40,35,55,65,75,15
https://img.pokemondb.net/sprites/sword-shield/icon/shiinotic.png,756,Shiinotic,405,60,45,80,90,100,30
https://img.pokemondb.net/sprites/sword-shield/icon/salandit.png,757,Salandit,320,48,44,40,71,40,77
https://img.pokemondb.net/sprites/sword-shield/icon/salazzle.png,758,Salazzle,480,68,64,60,111,60,117
https://img.pokemondb.net/sprites/sword-shield/icon/stufful.png,759,Stufful,340,70,75,50,45,50,50
https://img.pokemondb.net/sprites/sword-shield/icon/bewear.png,760,Bewear,500,120,125,80,55,60,60
https://img.pokemondb.net/sprites/sword-shield/icon/bounsweet.png,761,Bounsweet,210,42,30,38,30,38,32
https://img.pokemondb.net/sprites/sword-shield/icon/steenee.png,762,Steenee,290,52,40,48,40,48,62
https://img.pokemondb.net/sprites/sword-shield/icon/tsareena.png,763,Tsareena,510,72,120,98,50,98,72
https://img.pokemondb.net/sprites/sword-shield/icon/comfey.png,764,Comfey,485,51,52,90,82,110,100
https://img.pokemondb.net/sprites/sword-shield/icon/oranguru.png,765,Oranguru,490,90,60,80,90,110,60
https://img.pokemondb.net/sprites/sword-shield/icon/passimian.png,766,Passimian,490,100,120,90,40,60,80
https://img.pokemondb.net/sprites/sword-shield/icon/wimpod.png,767,Wimpod,230,25,35,40,20,30,80
https://img.pokemondb.net/sprites/sword-shield/icon/golisopod.png,768,Golisopod,530,75,125,140,60,90,40
https://img.pokemondb.net/sprites/sword-shield/icon/sandygast.png,769,Sandygast,320,55,55,80,70,45,15
https://img.pokemondb.net/sprites/sword-shield/icon/palossand.png,770,Palossand,480,85,75,110,100,75,35
https://img.pokemondb.net/sprites/sword-shield/icon/pyukumuku.png,771,Pyukumuku,410,55,60,130,30,130,5
https://img.pokemondb.net/sprites/sword-shield/icon/type-null.png,772,Type: Null,534,95,95,95,95,95,59
https://img.pokemondb.net/sprites/sword-shield/icon/silvally.png,773,Silvally,570,95,95,95,95,95,95
https://img.pokemondb.net/sprites/sword-shield/icon/minior-meteor.png,774,MiniorMeteor Form,440,60,60,100,60,100,60
https://img.pokemondb.net/sprites/sword-shield/icon/komala.png,775,Komala,480,65,115,65,75,95,65
https://img.pokemondb.net/sprites/sword-shield/icon/turtonator.png,776,Turtonator,485,60,78,135,91,85,36
https://img.pokemondb.net/sprites/sword-shield/icon/togedemaru.png,777,Togedemaru,435,65,98,63,40,73,96
https://img.pokemondb.net/sprites/sword-shield/icon/mimikyu.png,778,Mimikyu,476,55,90,80,50,105,96
https://img.pokemondb.net/sprites/sword-shield/icon/bruxish.png,779,Bruxish,475,68,105,70,70,70,92
https://img.pokemondb.net/sprites/sword-shield/icon/drampa.png,780,Drampa,485,78,60,85,135,91,36
https://img.pokemondb.net/sprites/sword-shield/icon/dhelmise.png,781,Dhelmise,517,70,131,100,86,90,40
https://img.pokemondb.net/sprites/sword-shield/icon/jangmo-o.png,782,Jangmo-o,300,45,55,65,45,45,45
https://img.pokemondb.net/sprites/sword-shield/icon/hakamo-o.png,783,Hakamo-o,420,55,75,90,65,70,65
https://img.pokemondb.net/sprites/sword-shield/icon/kommo-o.png,784,Kommo-o,600,75,110,125,100,105,85
https://img.pokemondb.net/sprites/sword-shield/icon/tapu-koko.png,785,Tapu Koko,570,70,115,85,95,75,130
https://img.pokemondb.net/sprites/sword-shield/icon/tapu-lele.png,786,Tapu Lele,570,70,85,75,130,115,95
https://img.pokemondb.net/sprites/sword-shield/icon/tapu-bulu.png,787,Tapu Bulu,570,70,130,115,85,95,75
https://img.pokemondb.net/sprites/sword-shield/icon/tapu-fini.png,788,Tapu Fini,570,70,75,115,95,130,85
https://img.pokemondb.net/sprites/sword-shield/icon/cosmog.png,789,Cosmog,200,43,29,31,29,31,37
https://img.pokemondb.net/sprites/sword-shield/icon/cosmoem.png,790,Cosmoem,400,43,29,131,29,131,37
https://img.pokemondb.net/sprites/sword-shield/icon/solgaleo.png,791,Solgaleo,680,137,137,107,113,89,97
https://img.pokemondb.net/sprites/sword-shield/icon/lunala.png,792,Lunala,680,137,113,89,137,107,97
https://img.pokemondb.net/sprites/sword-shield/icon/nihilego.png,793,Nihilego,570,109,53,47,127,131,103
https://img.pokemondb.net/sprites/sword-shield/icon/buzzwole.png,794,Buzzwole,570,107,139,139,53,53,79
https://img.pokemondb.net/sprites/sword-shield/icon/pheromosa.png,795,Pheromosa,570,71,137,37,137,37,151
https://img.pokemondb.net/sprites/sword-shield/icon/xurkitree.png,796,Xurkitree,570,83,89,71,173,71,83
https://img.pokemondb.net/sprites/sword-shield/icon/celesteela.png,797,Celesteela,570,97,101,103,107,101,61
https://img.pokemondb.net/sprites/sword-shield/icon/kartana.png,798,Kartana,570,59,181,131,59,31,109
https://img.pokemondb.net/sprites/sword-shield/icon/guzzlord.png,799,Guzzlord,570,223,101,53,97,53,43
https://img.pokemondb.net/sprites/sword-shield/icon/necrozma.png,800,Necrozma,600,97,107,101,127,89,79
https://img.pokemondb.net/sprites/sword-shield/icon/magearna.png,801,Magearna,600,80,95,115,130,115,65
https://img.pokemondb.net/sprites/sword-shield/icon/marshadow.png,802,Marshadow,600,90,125,80,90,90,125
https://img.pokemondb.net/sprites/sword-shield/icon/poipole.png,803,Poipole,420,67,73,67,73,67,73
https://img.pokemondb.net/sprites/sword-shield/icon/naganadel.png,804,Naganadel,540,73,73,73,127,73,121
https://img.pokemondb.net/sprites/sword-shield/icon/stakataka.png,805,Stakataka,570,61,131,211,53,101,13
https://img.pokemondb.net/sprites/sword-shield/icon/blacephalon.png,806,Blacephalon,570,53,127,53,151,79,107
https://img.pokemondb.net/sprites/sword-shield/icon/zeraora.png,807,Zeraora,600,88,112,75,102,80,143
https://img.pokemondb.net/sprites/sword-shield/icon/meltan.png,808,Meltan,300,46,65,65,55,35,34
https://img.pokemondb.net/sprites/sword-shield/icon/melmetal.png,809,Melmetal,600,135,143,143,80,65,34
https://img.pokemondb.net/sprites/sword-shield/icon/grookey.png,810,Grookey,310,50,65,50,40,40,65
https://img.pokemondb.net/sprites/sword-shield/icon/thwackey.png,811,Thwackey,420,70,85,70,55,60,80
https://img.pokemondb.net/sprites/sword-shield/icon/rillaboom.png,812,Rillaboom,530,100,125,90,60,70,85
https://img.pokemondb.net/sprites/sword-shield/icon/scorbunny.png,813,Scorbunny,310,50,71,40,40,40,69
https://img.pokemondb.net/sprites/sword-shield/icon/raboot.png,814,Raboot,420,65,86,60,55,60,94
https://img.pokemondb.net/sprites/sword-shield/icon/cinderace.png,815,Cinderace,530,80,116,75,65,75,119
https://img.pokemondb.net/sprites/sword-shield/icon/sobble.png,816,Sobble,310,50,40,40,70,40,70
https://img.pokemondb.net/sprites/sword-shield/icon/drizzile.png,817,Drizzile,420,65,60,55,95,55,90
https://img.pokemondb.net/sprites/sword-shield/icon/inteleon.png,818,Inteleon,530,70,85,65,125,65,120
https://img.pokemondb.net/sprites/sword-shield/icon/skwovet.png,819,Skwovet,275,70,55,55,35,35,25
https://img.pokemondb.net/sprites/sword-shield/icon/greedent.png,820,Greedent,460,120,95,95,55,75,20
https://img.pokemondb.net/sprites/sword-shield/icon/rookidee.png,821,Rookidee,245,38,47,35,33,35,57
https://img.pokemondb.net/sprites/sword-shield/icon/corvisquire.png,822,Corvisquire,365,68,67,55,43,55,77
https://img.pokemondb.net/sprites/sword-shield/icon/corviknight.png,823,Corviknight,495,98,87,105,53,85,67
https://img.pokemondb.net/sprites/sword-shield/icon/blipbug.png,824,Blipbug,180,25,20,20,25,45,45
https://img.pokemondb.net/sprites/sword-shield/icon/dottler.png,825,Dottler,335,50,35,80,50,90,30
https://img.pokemondb.net/sprites/sword-shield/icon/orbeetle.png,826,Orbeetle,505,60,45,110,80,120,90
https://img.pokemondb.net/sprites/sword-shield/icon/nickit.png,827,Nickit,245,40,28,28,47,52,50
https://img.pokemondb.net/sprites/sword-shield/icon/thievul.png,828,Thievul,455,70,58,58,87,92,90
https://img.pokemondb.net/sprites/sword-shield/icon/gossifleur.png,829,Gossifleur,250,40,40,60,40,60,10
https://img.pokemondb.net/sprites/sword-shield/icon/eldegoss.png,830,Eldegoss,460,60,50,90,80,120,60
https://img.pokemondb.net/sprites/sword-shield/icon/wooloo.png,831,Wooloo,270,42,40,55,40,45,48
https://img.pokemondb.net/sprites/sword-shield/icon/dubwool.png,832,Dubwool,490,72,80,100,60,90,88
https://img.pokemondb.net/sprites/sword-shield/icon/chewtle.png,833,Chewtle,284,50,64,50,38,38,44
https://img.pokemondb.net/sprites/sword-shield/icon/drednaw.png,834,Drednaw,485,90,115,90,48,68,74
https://img.pokemondb.net/sprites/sword-shield/icon/yamper.png,835,Yamper,270,59,45,50,40,50,26
https://img.pokemondb.net/sprites/sword-shield/icon/boltund.png,836,Boltund,490,69,90,60,90,60,121
https://img.pokemondb.net/sprites/sword-shield/icon/rolycoly.png,837,Rolycoly,240,30,40,50,40,50,30
https://img.pokemondb.net/sprites/sword-shield/icon/carkol.png,838,Carkol,410,80,60,90,60,70,50
https://img.pokemondb.net/sprites/sword-shield/icon/coalossal.png,839,Coalossal,510,110,80,120,80,90,30
https://img.pokemondb.net/sprites/sword-shield/icon/applin.png,840,Applin,260,40,40,80,40,40,20
https://img.pokemondb.net/sprites/sword-shield/icon/flapple.png,841,Flapple,485,70,110,80,95,60,70
https://img.pokemondb.net/sprites/sword-shield/icon/appletun.png,842,Appletun,485,110,85,80,100,80,30
https://img.pokemondb.net/sprites/sword-shield/icon/silicobra.png,843,Silicobra,315,52,57,75,35,50,46
https://img.pokemondb.net/sprites/sword-shield/icon/sandaconda.png,844,Sandaconda,510,72,107,125,65,70,71
https://img.pokemondb.net/sprites/sword-shield/icon/cramorant.png,845,Cramorant,475,70,85,55,85,95,85
https://img.pokemondb.net/sprites/sword-shield/icon/arrokuda.png,846,Arrokuda,280,41,63,40,40,30,66
https://img.pokemondb.net/sprites/sword-shield/icon/barraskewda.png,847,Barraskewda,490,61,123,60,60,50,136
https://img.pokemondb.net/sprites/sword-shield/icon/toxel.png,848,Toxel,242,40,38,35,54,35,40
https://img.pokemondb.net/sprites/sword-shield/icon/toxtricity-amped.png,849,ToxtricityAmped Form,502,75,98,70,114,70,75
https://img.pokemondb.net/sprites/sword-shield/icon/sizzlipede.png,850,Sizzlipede,305,50,65,45,50,50,45
https://img.pokemondb.net/sprites/sword-shield/icon/centiskorch.png,851,Centiskorch,525,100,115,65,90,90,65
https://img.pokemondb.net/sprites/sword-shield/icon/clobbopus.png,852,Clobbopus,310,50,68,60,50,50,32
https://img.pokemondb.net/sprites/sword-shield/icon/grapploct.png,853,Grapploct,480,80,118,90,70,80,42
https://img.pokemondb.net/sprites/sword-shield/icon/sinistea.png,854,Sinistea,308,40,45,45,74,54,50
https://img.pokemondb.net/sprites/sword-shield/icon/polteageist.png,855,Polteageist,508,60,65,65,134,114,70
https://img.pokemondb.net/sprites/sword-shield/icon/hatenna.png,856,Hatenna,265,42,30,45,56,53,39
https://img.pokemondb.net/sprites/sword-shield/icon/hattrem.png,857,Hattrem,370,57,40,65,86,73,49
https://img.pokemondb.net/sprites/sword-shield/icon/hatterene.png,858,Hatterene,510,57,90,95,136,103,29
https://img.pokemondb.net/sprites/sword-shield/icon/impidimp.png,859,Impidimp,265,45,45,30,55,40,50
https://img.pokemondb.net/sprites/sword-shield/icon/morgrem.png,860,Morgrem,370,65,60,45,75,55,70
https://img.pokemondb.net/sprites/sword-shield/icon/grimmsnarl.png,861,Grimmsnarl,510,95,120,65,95,75,60
https://img.pokemondb.net/sprites/sword-shield/icon/obstagoon.png,862,Obstagoon,520,93,90,101,60,81,95
https://img.pokemondb.net/sprites/sword-shield/icon/perrserker.png,863,Perrserker,440,70,110,100,50,60,50
https://img.pokemondb.net/sprites/sword-shield/icon/cursola.png,864,Cursola,510,60,95,50,145,130,30
https://img.pokemondb.net/sprites/sword-shield/icon/sirfetchd.png,865,Sirfetch'd,507,62,135,95,68,82,65
https://img.pokemondb.net/sprites/sword-shield/icon/mr-rime.png,866,Mr. Rime,520,80,85,75,110,100,70
https://img.pokemondb.net/sprites/sword-shield/icon/runerigus.png,867,Runerigus,483,58,95,145,50,105,30
https://img.pokemondb.net/sprites/sword-shield/icon/milcery.png,868,Milcery,270,45,40,40,50,61,34
https://img.pokemondb.net/sprites/sword-shield/icon/alcremie.png,869,Alcremie,495,65,60,75,110,121,64
https://img.pokemondb.net/sprites/sword-shield/icon/falinks.png,870,Falinks,470,65,100,100,70,60,75
https://img.pokemondb.net/sprites/sword-shield/icon/pincurchin.png,871,Pincurchin,435,48,101,95,91,85,15
https://img.pokemondb.net/sprites/sword-shield/icon/snom.png,872,Snom,185,30,25,35,45,30,20
https://img.pokemondb.net/sprites/sword-shield/icon/frosmoth.png,873,Frosmoth,475,70,65,60,125,90,65
https://img.pokemondb.net/sprites/sword-shield/icon/stonjourner.png,874,Stonjourner,470,100,125,135,20,20,70
https://img.pokemondb.net/sprites/sword-shield/icon/eiscue-ice.png,875,EiscueIce Face,470,75,80,110,65,90,50
https://img.pokemondb.net/sprites/sword-shield/icon/indeedee-male.png,876,IndeedeeMale,475,60,65,55,105,95,95
https://img.pokemondb.net/sprites/sword-shield/icon/morpeko-full-belly.png,877,MorpekoFull Belly Mode,436,58,95,58,70,58,97
https://img.pokemondb.net/sprites/sword-shield/icon/cufant.png,878,Cufant,330,72,80,49,40,49,40
https://img.pokemondb.net/sprites/sword-shield/icon/copperajah.png,879,Copperajah,500,122,130,69,80,69,30
https://img.pokemondb.net/sprites/sword-shield/icon/dracozolt.png,880,Dracozolt,505,90,100,90,80,70,75
https://img.pokemondb.net/sprites/sword-shield/icon/arctozolt.png,881,Arctozolt,505,90,100,90,90,80,55
https://img.pokemondb.net/sprites/sword-shield/icon/dracovish.png,882,Dracovish,505,90,90,100,70,80,75
https://img.pokemondb.net/sprites/sword-shield/icon/arctovish.png,883,Arctovish,505,90,90,100,80,90,55
https://img.pokemondb.net/sprites/sword-shield/icon/duraludon.png,884,Duraludon,535,70,95,115,120,50,85
https://img.pokemondb.net/sprites/sword-shield/icon/dreepy.png,885,Dreepy,270,28,60,30,40,30,82
https://img.pokemondb.net/sprites/sword-shield/icon/drakloak.png,886,Drakloak,410,68,80,50,60,50,102
https://img.pokemondb.net/sprites/sword-shield/icon/dragapult.png,887,Dragapult,600,88,120,75,100,75,142
https://img.pokemondb.net/sprites/sword-shield/icon/zacian-hero.png,888,ZacianHero of Many Battles,670,92,130,115,80,115,138
https://img.pokemondb.net/sprites/sword-shield/icon/zamazenta-hero.png,889,ZamazentaHero of Many Battles,670,92,130,115,80,115,138
https://img.pokemondb.net/sprites/sword-shield/icon/eternatus.png,890,Eternatus,690,140,85,95,145,95,130
https://img.pokemondb.net/sprites/sword-shield/icon/kubfu.png,891,Kubfu,385,60,90,60,53,50,72
https://img.pokemondb.net/sprites/sword-shield/icon/urshifu-single-strike.png,892,UrshifuSingle Strike Style,550,100,130,100,63,60,97
https://img.pokemondb.net/sprites/sword-shield/icon/zarude.png,893,Zarude,600,105,120,105,70,95,105
https://img.pokemondb.net/sprites/sword-shield/icon/regieleki.png,894,Regieleki,580,80,100,50,100,50,200
https://img.pokemondb.net/sprites/sword-shield/icon/regidrago.png,895,Regidrago,580,200,100,50,100,50,80
https://img.pokemondb.net/sprites/sword-shield/icon/glastrier.png,896,Glastrier,580,100,145,130,65,110,30
https://img.pokemondb.net/sprites/sword-shield/icon/spectrier.png,897,Spectrier,580,100,65,60,145,80,130
https://img.pokemondb.net/sprites/sword-shield/icon/calyrex.png,898,Calyrex,500,100,80,80,80,80,80
https://img.pokemondb.net/s.png,899,Wyrdeer,525,103,105,72,105,75,65
https://img.pokemondb.net/s.png,900,Kleavor,500,70,135,95,45,70,85
https://img.pokemondb.net/s.png,901,Ursaluna,550,130,140,105,45,80,50
https://img.pokemondb.net/s.png,902,BasculegionMale,530,120,112,65,80,75,78
https://img.pokemondb.net/s.png,903,Sneasler,510,80,130,60,40,80,120
https://img.pokemondb.net/s.png,904,Overqwil,510,85,115,95,65,65,85
https://img.pokemondb.net/s.png,905,EnamorusIncarnate Forme,580,74,115,70,135,80,106
